Examinee id    Item id,1,2,3,4,5,6,7,8,9,10,11,12,13,14,15,16,17,18,19,20,21,22,23,24,25,26,27,28,29,30,31,32,33,34,35,36,37,38,39,40,41,42,43,44,45,46,47,48,49,50,51,52,53,54,55,56,57,58,59,60,61,62,63,64,65,66,67,68,69,70,71,72,73,74,75,76,77,78,79,80,81,82,83,84,85,86,87,88,89,90
1,0,2,0,0,0,0,0,0,0,0,2,0,0,0,2,2,2,0,2,0,2,2,0,2,0,0,0,0,2,0,0,2,0,0,2,2,0,2,2,0,0,2,2,0,0,2,2,0,0,2,0,2,2,2,2,2,0,2,2,0,0,2,0,2,2,0,2,2,0,2,2,0,2,2,2,2,0,2,2,2,2,2,2,0,2,2,2,2,2,2
2,0,2,0,0,2,2,2,0,0,0,2,0,2,0,0,0,0,0,0,2,2,0,0,2,2,0,2,2,0,2,0,0,0,0,0,2,2,2,0,0,2,0,0,0,2,0,2,0,0,2,2,2,0,2,2,1,2,0,2,2,2,2,2,2,2,2,2,2,2,2,2,2,2,0,0,1,0,2,2,0,2,2,0,2,0,2,2,0,0,2
3,0,2,0,0,2,2,0,2,2,2,0,0,2,2,0,0,2,0,0,2,2,0,0,2,0,0,0,0,0,0,2,0,0,0,0,2,0,2,0,2,0,2,2,0,2,0,0,0,0,2,2,2,2,0,2,0,2,2,0,2,0,2,2,2,0,2,2,0,2,2,2,2,2,0,2,2,1,2,2,0,2,0,2,2,2,0,2,2,2,1
4,2,2,2,0,0,2,0,2,2,0,2,2,0,0,2,2,2,1,2,0,2,0,2,0,0,0,2,2,2,2,0,0,0,0,0,0,0,0,0,0,0,0,0,0,0,0,2,0,0,0,2,0,2,2,0,2,2,2,2,2,0,2,2,2,0,2,2,2,0,2,2,2,2,2,2,2,0,2,2,2,0,0,2,2,2,0,0,2,2,1
5,0,0,2,2,0,0,0,0,0,0,0,0,0,2,2,0,2,0,0,2,1,0,2,0,0,2,2,0,0,0,2,2,2,0,0,0,2,2,2,0,0,0,0,2,2,2,0,0,0,2,2,0,2,2,2,2,2,2,2,2,2,0,2,2,2,2,0,0,1,0,2,2,2,2,2,2,0,2,2,2,0,0,2,2,0,2,2,0,2,1
6,0,2,0,0,0,2,0,0,0,0,0,2,0,0,2,0,0,0,2,2,0,0,2,2,2,0,0,2,0,0,2,2,0,2,0,2,2,0,0,0,0,2,0,0,2,1,0,2,0,2,1,0,2,2,2,2,2,2,2,0,2,0,2,0,2,2,2,2,0,2,2,2,0,0,2,0,1,2,2,2,2,2,2,2,2,0,2,2,2,0
7,0,0,0,2,2,2,0,2,0,2,2,0,2,0,0,2,0,2,0,0,0,0,0,2,0,0,0,0,0,0,0,2,0,0,2,2,2,0,2,0,0,2,0,2,0,2,2,0,2,0,0,2,2,2,2,2,0,2,0,2,2,2,2,1,0,2,0,2,2,2,2,2,2,0,2,2,2,2,0,2,1,0,0,2,2,2,2,0,2,1
8,2,2,2,0,1,0,0,2,0,2,0,2,0,0,0,0,2,0,2,0,0,0,2,2,0,0,0,0,2,0,0,2,0,2,0,0,0,0,0,0,2,0,2,0,0,1,0,2,2,2,2,2,2,2,0,2,2,2,2,2,0,2,2,2,2,0,2,2,2,2,0,2,2,0,2,2,0,0,2,2,2,2,2,2,2,0,0,2,0,1
9,2,0,0,1,2,0,0,2,0,2,2,0,0,0,2,2,2,2,2,0,0,0,0,0,2,0,0,2,0,0,0,2,0,0,2,1,2,0,0,2,0,0,0,0,0,2,0,2,0,0,2,0,0,0,2,2,2,2,2,0,2,2,2,2,2,2,2,0,2,0,2,2,2,0,2,2,0,2,2,2,2,2,2,2,2,0,0,2,2,2
10,2,2,0,0,0,2,0,0,2,2,2,0,0,2,0,0,0,2,2,0,0,0,0,0,2,2,2,0,0,2,0,2,0,2,0,0,0,0,0,0,0,2,2,0,0,2,2,1,0,0,2,2,0,2,2,0,2,2,2,0,2,2,2,0,2,2,2,2,1,0,0,2,2,0,2,2,2,2,2,2,0,2,2,0,2,2,2,2,2,0
11,2,2,0,0,0,0,0,2,0,2,2,0,0,0,0,0,0,2,0,0,1,0,1,0,2,2,2,0,0,0,0,2,0,0,0,2,2,2,0,0,0,2,2,2,0,2,0,0,2,0,2,2,2,2,0,2,2,2,2,2,0,0,2,2,2,2,0,2,2,2,0,2,2,2,0,2,1,2,2,2,0,2,2,2,0,2,0,2,2,0
12,2,0,2,2,2,0,0,0,0,2,0,2,0,0,0,0,0,0,2,0,0,0,0,2,0,0,0,2,0,0,2,0,0,0,2,2,0,2,0,0,0,2,2,2,0,0,2,2,2,2,2,1,0,2,2,0,2,2,0,2,2,0,2,2,0,2,0,2,2,2,2,2,0,2,2,2,2,2,1,0,2,2,0,2,2,2,2,2,2,0
13,2,0,0,2,0,0,0,0,0,2,0,0,0,2,0,2,0,0,2,2,0,0,0,2,0,2,0,0,0,2,2,2,2,2,2,0,0,2,0,2,2,0,2,0,0,0,0,2,0,0,2,0,2,2,2,2,2,0,2,0,2,2,0,2,2,2,2,2,2,2,0,2,0,2,0,2,0,2,2,2,0,0,2,2,2,2,1,2,2,2
14,2,0,0,0,0,0,2,0,0,0,0,0,0,2,0,2,2,0,0,2,2,0,0,0,0,2,2,2,2,0,0,0,0,2,2,2,0,2,0,0,2,0,0,2,0,0,2,2,2,0,2,2,0,2,0,2,0,0,2,0,2,2,0,2,2,2,2,2,2,2,1,2,2,2,0,2,1,2,2,2,2,2,0,2,2,0,0,2,2,1
15,0,0,2,2,0,0,0,0,2,0,2,2,0,0,2,0,2,0,0,0,0,0,2,0,0,0,0,0,0,0,2,2,0,0,2,2,2,2,2,0,0,2,0,2,0,1,2,2,0,0,2,2,2,2,2,2,0,2,2,2,2,0,2,0,2,0,2,2,2,2,2,2,2,2,0,2,2,0,2,2,0,2,2,2,2,2,0,2,0,0
16,2,2,0,2,0,0,2,0,2,0,0,2,2,2,0,0,2,0,0,2,0,0,0,0,2,0,2,0,0,2,0,0,0,2,0,2,0,0,0,2,2,0,0,0,0,2,0,2,0,2,0,2,2,2,0,2,2,0,0,0,2,2,0,2,2,2,2,2,0,2,2,2,2,2,0,2,0,2,2,0,2,2,2,2,2,2,2,2,2,1
17,2,2,0,2,0,0,0,0,2,2,2,0,0,0,2,0,0,2,2,0,2,2,0,0,0,0,2,0,0,2,1,0,0,0,0,0,0,0,0,2,0,0,0,2,2,0,0,2,2,2,0,2,2,2,0,0,2,2,0,2,2,2,2,0,0,0,2,2,2,2,2,2,0,2,2,2,2,2,2,2,0,2,2,2,2,2,2,2,0,2
18,0,0,0,0,0,0,0,2,0,0,2,2,2,0,0,0,2,2,0,2,2,2,0,2,2,0,2,0,0,0,0,2,1,0,0,0,0,2,2,0,0,2,2,2,0,1,0,0,0,0,2,2,2,2,0,0,2,0,0,2,2,0,2,2,2,2,0,2,2,2,0,2,2,2,2,1,1,0,2,2,0,2,2,2,0,2,2,2,2,2
19,0,2,2,0,0,0,0,2,0,2,2,2,2,0,0,0,2,0,0,2,1,0,0,2,0,0,0,2,2,0,0,0,2,0,2,2,2,0,0,0,0,0,2,0,0,0,0,2,0,2,0,1,2,0,2,0,2,2,0,2,2,2,2,0,2,2,2,2,0,2,2,2,2,2,2,2,1,0,2,0,2,1,2,2,2,2,0,0,2,1
20,0,2,0,0,0,2,2,2,0,2,0,2,0,0,2,0,0,2,0,0,0,0,0,2,2,0,2,0,2,0,0,2,0,0,0,2,2,1,0,0,0,0,2,0,2,0,0,0,2,2,2,2,0,2,2,2,2,2,2,2,2,2,0,2,2,2,2,2,2,0,2,0,0,2,2,0,1,0,2,2,2,0,1,2,0,2,2,2,2,0
21,2,2,2,0,2,0,0,2,0,2,2,2,0,0,0,0,0,0,2,0,0,2,0,1,0,0,0,0,0,0,0,0,2,2,0,0,0,2,0,2,0,2,2,0,2,2,0,2,0,0,2,2,2,2,2,0,2,0,2,2,2,0,2,2,2,0,2,2,2,0,0,2,2,2,2,2,2,0,2,2,2,0,2,2,2,2,1,2,0,0
22,0,0,2,0,1,2,0,2,2,0,0,0,0,1,2,0,2,0,2,2,0,0,0,0,0,0,0,2,1,0,0,2,0,2,2,0,2,0,0,0,0,2,0,2,0,0,2,0,0,2,0,2,2,2,2,2,2,2,2,2,2,0,0,2,2,2,0,2,2,2,2,2,2,0,2,2,1,2,0,0,0,2,0,2,2,2,2,2,2,0
23,0,2,0,0,0,2,1,2,0,2,2,2,0,2,0,0,0,0,0,0,0,2,2,0,0,0,0,2,0,0,0,2,0,2,2,2,2,0,2,0,0,0,0,2,0,0,2,2,0,0,2,0,0,2,2,1,2,2,2,2,2,2,0,2,0,2,0,2,2,2,2,0,0,0,2,2,1,2,0,2,2,2,1,2,0,2,2,2,2,1
24,0,0,0,2,0,0,2,0,0,2,0,2,2,0,0,2,2,0,2,2,0,0,2,0,2,0,0,0,0,0,0,2,0,0,2,2,2,0,0,0,2,0,0,2,2,2,0,0,0,2,2,2,2,2,2,2,2,1,0,2,2,0,2,0,0,2,0,2,1,0,2,2,2,2,2,1,0,2,2,1,2,2,1,0,0,2,2,0,2,2
25,0,0,2,0,2,0,2,2,0,0,0,2,0,2,0,0,0,0,0,2,0,2,0,0,2,0,0,2,1,0,2,0,0,0,0,0,2,2,0,2,0,2,0,0,0,0,2,2,2,2,0,0,2,0,2,0,2,1,0,2,2,2,0,2,2,2,2,2,0,2,2,0,2,2,2,2,2,2,2,2,2,1,2,2,2,2,2,0,0,2
26,0,2,0,2,0,0,2,2,0,0,0,0,2,0,2,0,0,2,0,2,0,2,2,0,0,0,0,2,1,0,0,0,0,0,2,0,0,0,2,0,2,0,2,0,2,1,2,0,0,2,0,0,2,0,2,2,2,2,0,2,2,2,2,0,2,2,2,2,1,2,2,2,2,2,0,2,1,0,0,2,0,2,2,2,2,0,2,2,2,2
27,2,0,2,0,2,0,2,2,0,2,0,0,0,0,2,0,0,2,0,0,0,0,2,2,2,0,0,0,2,2,1,0,2,2,2,2,0,0,0,0,0,0,0,2,0,0,0,0,2,0,2,0,2,1,2,0,2,0,1,2,2,2,0,2,2,2,0,2,1,0,1,2,2,0,2,2,2,2,2,2,0,2,2,2,2,0,2,0,2,2
28,0,1,0,2,0,0,0,0,2,2,2,2,2,2,0,0,2,0,2,2,0,2,0,0,0,0,0,0,0,0,0,0,0,2,0,0,0,2,2,2,2,0,0,2,0,0,2,0,0,1,0,2,0,2,2,2,0,1,1,0,2,2,2,0,2,2,2,2,2,0,0,2,2,2,2,2,0,2,0,2,1,2,2,0,2,1,2,2,2,2
29,0,2,0,2,0,0,0,0,2,0,0,2,2,0,0,0,2,1,0,2,0,0,0,0,0,0,0,2,2,0,2,2,0,0,0,2,2,2,2,0,0,2,0,2,0,0,2,2,0,0,2,0,2,2,2,2,2,0,2,2,2,1,2,2,2,0,0,2,1,2,2,2,2,2,2,2,1,0,0,2,0,2,2,0,0,2,2,0,2,2
30,0,0,0,0,1,0,2,0,2,2,0,2,0,2,2,0,0,0,2,0,0,0,2,0,0,0,0,2,0,1,2,2,0,2,0,0,0,0,2,0,2,0,0,2,0,2,0,2,2,0,2,2,2,2,2,2,2,1,0,2,2,0,0,2,2,2,2,2,2,0,0,2,2,2,2,1,0,2,2,2,0,1,2,2,2,0,0,0,2,1
31,2,0,0,0,2,0,0,0,0,0,0,0,0,0,2,2,0,2,2,0,2,0,0,0,0,2,0,0,2,0,2,0,0,2,2,2,2,2,2,2,0,0,0,0,0,0,2,0,1,2,2,1,2,2,2,2,2,0,2,2,2,2,2,2,2,2,2,0,2,0,2,1,2,0,0,1,2,0,0,0,2,1,2,2,1,2,0,0,2,2
32,2,2,0,0,2,0,2,2,2,2,0,0,0,2,2,0,0,0,2,2,0,0,0,0,0,0,0,0,0,0,0,0,1,2,0,2,0,0,0,0,2,2,0,0,2,0,2,2,2,0,0,1,2,2,2,2,2,2,2,0,2,2,0,2,2,2,0,2,2,0,0,0,2,2,2,2,0,2,2,2,2,1,0,2,1,1,0,2,2,2
33,0,2,0,0,0,0,0,0,2,2,0,2,2,0,2,2,2,0,0,0,0,0,2,0,0,2,0,2,0,0,0,0,2,2,2,0,0,0,2,2,0,0,2,0,0,1,2,0,0,2,0,2,0,2,2,2,0,2,0,2,0,2,2,2,2,2,0,0,1,2,2,2,2,2,2,2,1,0,2,0,2,2,2,2,2,2,2,2,0,1
34,2,0,2,0,0,0,0,1,0,0,2,2,2,2,0,0,2,0,0,1,0,2,0,2,0,0,2,0,2,0,2,2,2,0,0,0,0,0,2,0,0,0,2,0,2,0,2,0,0,0,2,2,2,0,2,2,1,0,2,2,2,2,0,0,2,0,2,2,0,2,0,2,2,2,2,1,0,2,0,0,2,1,2,2,2,2,2,2,2,2
35,0,2,0,0,2,0,2,2,0,0,0,2,2,0,2,0,2,2,2,0,2,0,2,0,0,0,0,0,0,0,1,2,2,0,0,0,0,0,0,0,0,2,2,0,2,0,0,0,2,2,2,0,2,2,2,0,2,2,2,2,2,2,2,2,2,2,2,2,1,2,2,0,0,2,0,2,0,2,2,1,0,2,2,2,2,0,0,2,0,2
36,2,0,0,0,0,0,0,2,2,2,2,0,2,2,0,2,0,0,0,0,0,0,0,0,0,0,2,0,1,0,0,2,0,0,0,0,2,0,2,2,2,2,0,2,0,0,2,2,0,2,0,2,1,2,2,2,0,2,0,2,0,2,2,2,2,2,2,0,1,2,2,2,2,2,1,0,2,0,1,2,0,1,0,2,2,2,2,2,0,2
37,0,0,0,0,0,0,2,0,0,0,0,0,2,0,0,2,2,2,2,2,1,2,0,1,2,0,2,2,0,0,0,0,2,0,0,0,1,0,0,0,0,0,0,2,2,2,0,2,0,2,0,1,0,2,0,2,0,2,2,0,2,1,2,1,0,2,2,0,0,2,2,2,2,2,2,2,1,2,2,2,0,2,2,2,2,2,1,2,0,2
38,0,2,0,0,0,2,0,2,2,0,2,0,2,2,0,0,0,0,2,2,2,0,0,2,0,0,0,0,0,0,2,0,0,2,0,1,0,0,0,0,2,2,0,2,0,2,2,2,0,0,2,2,2,2,2,2,2,2,2,0,0,2,2,2,0,0,2,2,2,2,2,2,2,1,2,0,1,2,2,0,0,2,2,0,2,0,0,2,2,2
39,2,0,2,2,0,0,0,0,2,0,0,2,0,0,0,2,0,0,0,2,2,0,0,0,0,0,2,0,0,2,2,2,2,2,0,0,0,0,2,2,0,2,2,0,2,0,0,2,0,0,1,2,0,2,2,2,0,1,1,2,2,2,2,0,2,2,1,0,2,2,2,0,2,1,0,2,1,2,2,0,0,2,2,0,1,2,1,2,2,0
40,0,2,0,2,0,0,0,2,2,0,2,0,0,0,0,2,2,2,2,0,0,0,0,1,0,2,2,2,2,0,0,0,0,0,2,1,0,0,2,0,2,0,2,0,2,0,0,0,0,0,2,2,0,2,0,0,0,2,0,2,2,0,2,2,2,2,2,2,1,2,2,2,0,2,2,2,1,2,2,2,2,0,0,2,0,1,2,2,2,2
41,2,0,0,0,0,2,0,2,0,2,0,2,0,2,0,2,0,0,0,0,2,2,0,1,0,0,1,2,1,2,0,2,2,0,0,0,0,2,0,2,0,0,2,0,0,0,0,2,0,0,1,2,0,2,2,2,2,2,0,2,2,2,0,2,2,0,2,2,2,2,2,2,2,2,2,0,2,2,0,2,2,0,0,2,0,2,2,2,2,0
42,0,2,1,2,0,0,0,1,2,2,0,2,2,0,0,2,2,0,0,2,0,0,0,0,0,0,0,0,0,1,1,0,2,0,2,1,2,2,0,0,0,0,0,2,0,0,2,0,0,0,2,2,0,2,2,2,2,0,2,2,0,2,2,1,2,2,2,2,2,2,0,2,2,2,0,2,0,2,2,0,2,2,2,2,2,2,0,0,2,0
43,2,2,2,2,0,2,0,0,0,2,0,0,0,0,2,0,0,0,2,0,0,2,2,0,1,0,2,0,2,0,2,2,0,2,0,0,2,2,1,0,2,0,0,0,0,0,0,0,0,0,0,2,2,2,2,2,2,2,0,2,2,1,2,0,2,2,2,2,2,2,2,2,2,2,2,2,0,0,2,2,0,2,2,0,0,2,0,2,2,0
44,0,2,2,0,1,0,0,0,0,0,0,0,0,0,0,0,2,2,2,0,0,0,0,0,0,2,0,2,2,2,0,0,1,2,0,0,0,0,2,2,0,2,2,2,0,2,2,0,0,2,2,2,2,2,2,2,2,2,0,0,2,2,2,2,2,0,0,2,0,2,2,2,2,2,2,2,1,0,0,2,0,2,2,2,0,0,1,2,2,2
45,0,0,2,0,2,2,2,0,2,0,0,2,2,2,0,0,0,1,0,0,0,0,2,0,0,2,0,0,1,2,0,0,0,0,2,0,0,0,2,0,0,0,0,2,2,0,0,2,2,2,2,1,2,2,2,2,0,2,2,0,0,1,0,2,2,1,2,0,0,2,0,2,2,2,2,2,2,0,2,1,2,0,0,2,2,2,2,2,2,2
46,0,2,0,2,0,0,2,2,2,0,0,2,2,0,0,0,0,0,0,0,0,2,0,2,2,2,2,2,0,0,0,2,0,2,0,0,0,2,0,0,0,0,2,2,2,0,0,2,0,0,2,2,2,2,0,0,2,0,2,2,0,2,2,1,2,2,2,0,2,2,2,2,2,0,1,0,2,2,2,2,2,0,2,0,2,2,2,2,2,0
47,0,2,0,0,0,0,0,0,2,0,0,2,0,1,2,2,0,0,2,0,1,2,2,2,0,0,0,2,0,0,2,2,2,2,0,0,0,0,0,0,0,2,0,0,2,1,2,0,0,0,1,2,0,2,0,2,2,2,2,0,2,0,1,2,2,2,2,2,0,0,2,0,2,2,2,2,0,2,2,2,2,1,2,0,2,2,1,2,0,2
48,0,2,0,2,0,0,2,2,0,0,0,2,0,0,0,0,2,2,2,2,0,0,2,2,2,0,0,2,0,0,0,0,0,2,2,0,2,0,0,0,2,2,0,0,0,0,2,0,2,0,2,1,2,2,2,1,2,0,2,2,2,2,2,2,2,0,0,1,0,0,2,2,2,2,0,2,2,0,2,0,2,2,0,2,2,0,1,1,2,1
49,0,2,0,0,2,0,2,2,2,2,2,2,2,2,0,0,0,2,0,0,1,0,0,2,0,2,0,2,0,0,1,0,2,0,0,0,0,0,2,2,0,0,0,0,0,1,0,0,0,0,2,2,0,2,2,2,2,0,2,2,2,0,2,0,2,2,2,2,0,1,2,0,0,2,0,2,1,0,2,2,2,2,2,2,1,2,2,2,0,2
50,0,0,0,0,2,0,0,2,0,0,0,0,0,2,0,2,0,2,0,0,0,2,0,0,0,2,0,2,2,2,1,0,0,2,2,0,0,1,2,0,2,2,0,0,2,0,0,0,2,2,2,2,0,2,2,2,2,2,1,2,2,2,0,0,2,2,2,2,2,0,0,0,2,2,0,2,1,2,1,2,2,1,1,2,0,2,2,0,2,0
51,0,2,0,0,0,0,2,0,0,0,2,0,0,0,0,2,2,2,0,0,0,1,0,2,2,2,0,0,2,1,0,0,0,2,2,0,0,2,0,0,0,0,2,2,0,1,0,0,2,2,2,0,2,2,2,2,1,0,2,2,2,0,2,2,2,2,0,0,2,2,2,2,2,2,2,0,1,2,2,2,2,0,0,0,2,2,2,0,2,2
52,0,2,1,0,0,0,2,0,2,2,2,2,0,0,0,2,0,0,2,0,0,0,2,1,0,2,2,0,2,0,0,2,0,0,2,2,0,2,0,0,0,2,0,0,0,0,0,0,0,2,2,1,1,2,2,0,2,0,2,2,2,2,2,0,1,2,0,2,0,0,2,2,2,0,2,2,1,2,2,0,2,1,0,0,2,2,2,2,2,1
53,2,2,0,2,0,0,0,0,0,0,0,2,0,0,2,0,0,0,0,0,2,0,2,2,2,0,2,2,2,0,0,0,2,0,2,0,2,2,0,2,2,2,0,0,0,0,0,0,0,2,2,1,2,0,2,1,1,1,2,2,2,2,0,2,0,0,2,2,2,0,0,0,2,2,2,2,0,2,2,1,0,2,2,0,2,2,2,2,2,2
54,0,2,2,0,0,0,2,2,2,2,0,0,2,2,2,0,0,0,0,0,2,0,2,0,0,0,2,0,1,0,0,2,2,0,0,0,1,0,2,1,0,0,2,0,0,0,0,0,0,2,2,0,2,2,2,2,1,0,0,2,2,0,1,2,2,2,2,0,2,0,2,2,2,2,2,2,1,2,0,2,2,0,2,2,2,0,1,2,0,1
55,0,0,0,2,0,0,0,2,0,2,0,2,1,2,0,0,2,2,0,0,2,0,0,0,0,0,2,2,0,2,1,0,0,0,0,2,0,2,0,2,2,0,0,0,0,1,2,0,2,0,2,2,2,0,2,0,2,1,2,2,2,2,2,0,2,0,2,0,0,2,2,2,2,2,0,2,2,0,1,2,1,0,2,2,2,2,2,0,2,1
56,0,2,2,0,2,0,2,2,2,0,0,0,0,0,2,0,0,0,2,0,0,0,0,0,2,0,2,0,0,0,0,2,2,2,0,2,1,0,0,1,2,0,2,0,2,0,2,0,0,0,0,0,2,2,2,2,2,2,2,0,2,1,0,2,2,2,2,2,1,0,0,0,0,2,2,1,2,2,2,1,2,0,1,2,2,2,2,1,2,0
57,2,2,0,0,0,0,2,2,2,0,0,2,0,2,2,0,2,0,2,2,0,0,0,0,0,0,0,0,2,0,2,0,0,0,0,2,2,0,0,0,2,0,0,2,0,0,0,2,1,2,2,2,0,2,2,2,2,2,2,2,2,0,2,2,2,0,2,2,0,0,2,2,2,0,2,0,1,2,2,2,0,1,2,2,1,0,1,2,0,2
58,0,0,1,0,2,2,0,0,0,2,0,0,0,0,0,0,2,0,2,0,0,2,0,0,2,0,0,2,0,2,1,2,2,2,0,0,0,0,0,2,2,2,0,2,2,0,0,0,0,2,0,0,0,0,2,1,2,1,2,2,0,2,2,0,1,2,2,2,2,0,2,2,2,2,2,0,2,2,2,1,2,2,0,2,2,1,0,2,2,1
59,0,2,0,0,0,0,2,0,2,2,2,0,0,0,2,0,0,0,0,2,1,0,2,0,0,0,0,0,0,1,2,0,1,2,0,2,0,0,2,2,0,0,0,0,2,1,2,2,0,0,2,0,2,2,0,0,2,0,0,2,2,2,2,2,2,2,0,0,2,2,2,2,0,0,2,2,1,2,2,2,2,1,2,2,2,0,2,2,2,2
60,0,0,0,2,0,2,2,2,0,0,0,0,2,0,0,0,0,0,2,2,0,0,0,0,0,0,0,2,0,0,1,0,2,2,2,0,2,0,0,2,2,2,0,2,0,2,0,0,2,2,0,2,2,2,2,2,2,0,0,2,1,0,2,2,2,2,0,2,0,2,2,1,2,2,2,2,0,0,2,2,2,2,0,0,2,2,2,2,2,1
61,0,0,2,0,0,0,2,1,0,0,0,0,2,2,0,2,0,0,2,0,1,2,2,0,2,0,0,2,0,0,2,2,0,0,0,1,2,2,0,0,2,0,2,0,0,0,0,0,2,0,2,1,2,2,2,0,0,2,0,0,2,0,2,2,2,0,0,2,1,2,2,0,2,2,2,2,1,2,2,2,2,2,1,0,1,2,0,2,2,2
62,0,0,0,0,0,2,0,0,0,0,0,2,2,0,0,2,2,0,2,0,0,2,0,2,0,0,0,2,0,2,2,0,0,2,0,2,2,2,0,0,0,0,2,2,2,0,0,0,2,2,0,1,0,2,2,2,2,2,2,2,2,0,2,2,2,2,0,2,0,1,2,2,2,2,1,0,1,0,2,0,2,1,2,2,0,0,1,1,2,1
63,2,0,0,0,0,2,0,2,0,0,0,2,0,0,2,2,2,0,0,2,1,2,2,0,0,0,2,0,1,0,1,2,0,0,0,0,2,0,0,2,0,0,2,2,0,2,0,0,0,0,2,0,2,2,2,2,2,2,2,2,0,0,2,2,2,2,2,2,1,2,2,0,0,0,2,0,2,2,2,0,2,0,1,2,0,2,2,2,2,2
64,2,2,0,1,0,0,0,0,0,0,2,2,0,0,2,2,0,2,0,2,2,0,0,2,0,2,2,2,2,2,0,0,2,0,0,0,0,0,2,0,0,0,0,0,2,0,0,2,0,0,2,2,0,2,2,2,0,2,2,0,2,1,2,2,0,1,2,2,2,0,2,2,2,0,0,0,1,2,2,2,0,0,2,2,2,2,2,2,2,1
65,0,2,0,0,0,0,0,0,0,2,2,0,2,2,2,0,0,0,2,0,0,1,2,1,2,0,0,0,0,0,0,2,2,2,2,0,0,2,0,0,2,2,0,2,0,0,2,0,0,0,2,0,0,0,0,0,0,2,2,2,2,2,0,2,2,2,2,2,0,0,2,2,2,2,2,2,2,2,2,2,1,2,2,2,2,2,2,0,2,2
66,2,2,0,0,2,0,0,0,0,0,2,0,2,2,2,0,0,0,0,2,0,2,2,2,0,0,0,2,0,2,0,0,1,0,2,0,0,2,2,0,0,2,0,2,2,0,0,0,0,0,2,1,2,2,2,2,0,0,0,2,2,2,2,2,2,0,2,2,1,2,0,2,2,0,0,2,1,2,0,0,2,2,1,2,2,2,2,0,2,2
67,2,0,0,0,0,1,0,0,2,2,2,0,0,2,0,0,2,2,0,0,2,0,0,2,0,0,0,0,0,0,2,0,0,0,1,1,0,0,2,2,0,0,0,2,0,1,2,0,2,2,2,0,2,0,2,2,0,2,2,2,2,0,2,2,2,0,2,2,2,2,2,2,2,0,0,2,0,0,2,2,2,2,2,0,2,2,2,2,2,1
68,0,2,0,2,0,0,0,0,0,2,0,2,0,0,2,0,0,1,0,0,0,2,0,0,2,2,2,0,2,0,2,2,0,2,2,0,0,0,0,0,0,2,0,2,2,0,0,2,2,0,0,1,2,2,2,2,2,1,2,0,0,2,0,1,2,2,1,2,2,2,2,0,0,2,0,1,2,2,0,1,2,1,2,2,0,0,2,2,2,2
69,0,0,2,2,0,0,0,2,0,2,0,0,2,2,0,0,0,2,2,2,2,0,2,0,0,2,0,0,0,0,2,0,0,2,2,0,0,0,0,2,0,0,0,2,2,1,0,0,0,2,2,1,2,2,2,2,2,0,0,2,2,2,0,0,0,2,2,0,0,2,2,2,2,0,2,2,2,0,1,2,2,2,0,2,2,2,2,2,2,1
70,0,0,1,0,0,2,2,0,0,0,0,2,2,2,0,2,2,0,0,0,0,2,0,2,0,0,0,2,0,2,0,2,0,0,2,0,2,0,2,0,2,2,0,0,0,0,0,2,2,0,2,2,2,2,1,2,2,2,0,2,1,2,0,2,1,2,1,2,2,0,2,2,0,1,2,0,0,2,0,2,2,2,0,2,2,2,2,0,0,1
71,0,0,0,2,2,0,0,2,0,2,0,0,0,2,2,0,0,0,2,0,0,0,2,2,2,0,2,0,0,0,0,2,0,0,0,0,2,0,2,1,0,2,1,0,2,0,0,1,2,0,2,1,2,2,2,2,0,0,0,2,0,0,2,2,2,2,2,2,1,2,2,2,2,2,2,1,0,2,2,0,1,2,0,0,2,2,2,2,0,2
72,0,0,0,2,2,2,0,0,0,0,0,2,2,2,2,0,0,0,0,2,2,2,0,0,0,2,0,0,0,2,2,0,0,0,0,0,0,2,0,2,0,0,0,2,0,1,0,2,2,2,0,0,2,2,2,0,2,0,2,0,2,2,1,0,2,0,2,1,1,2,2,2,2,2,1,0,2,2,2,2,2,2,0,2,2,2,2,2,2,0
73,0,0,0,0,2,0,2,0,2,0,2,2,0,2,0,2,2,0,0,2,0,2,0,2,2,0,0,2,0,0,2,0,0,2,0,0,2,0,0,0,0,0,0,0,2,0,0,1,2,2,2,1,2,2,2,0,2,0,2,2,2,2,0,0,2,2,2,2,2,2,0,2,2,2,2,0,2,2,2,1,2,2,0,2,0,1,0,2,0,2
74,2,0,2,0,1,0,0,0,0,0,0,2,0,2,0,2,2,0,0,0,0,2,0,2,2,0,0,0,2,0,0,0,0,0,0,0,1,2,2,0,2,0,2,2,0,2,0,2,0,2,2,0,0,2,2,2,2,2,1,2,0,2,2,2,0,2,0,2,0,2,2,2,0,2,1,2,1,2,2,1,2,0,2,0,2,2,0,1,2,2
75,0,2,0,2,0,0,0,0,2,0,0,0,1,0,2,0,0,0,2,0,0,2,1,2,2,2,2,0,2,0,2,2,0,0,0,0,2,0,0,0,0,0,2,0,0,2,2,0,2,0,0,1,0,2,2,0,0,2,0,2,2,2,2,2,0,2,2,2,1,2,2,0,2,2,1,0,2,2,2,2,0,2,2,2,2,2,0,2,2,2
76,0,0,0,0,0,2,2,2,0,2,2,0,1,0,0,0,0,0,0,2,0,0,2,0,0,2,0,0,0,0,2,2,0,2,0,2,0,2,2,0,1,0,0,2,2,0,0,2,2,0,2,2,2,2,2,2,2,2,0,2,2,2,0,2,0,0,2,1,1,2,0,2,0,2,2,0,1,2,0,2,2,1,2,0,2,2,1,2,2,0
77,0,2,2,0,0,0,2,0,0,1,0,0,2,0,2,0,0,0,2,0,1,2,0,1,2,2,2,0,0,0,2,0,0,0,1,1,0,2,0,0,0,2,2,0,0,0,0,0,2,0,2,1,0,2,0,0,2,1,2,2,2,2,2,2,2,2,2,0,0,2,2,0,2,2,2,2,2,2,2,0,0,2,2,2,2,2,1,0,0,2
78,2,0,2,0,0,2,0,0,2,0,0,2,0,0,2,2,2,0,0,2,0,0,0,0,2,0,0,2,2,2,0,2,0,0,0,0,0,0,2,0,0,0,2,0,2,0,2,0,2,2,2,2,2,2,2,2,2,0,2,0,2,2,0,2,2,2,2,2,1,0,0,2,0,2,2,2,1,2,0,0,0,0,2,2,2,2,2,2,2,2
79,0,0,2,2,2,0,0,0,0,0,2,0,2,0,0,2,0,2,2,0,2,0,0,2,0,0,1,0,0,1,0,2,1,2,0,2,0,0,2,0,0,0,2,0,2,2,0,0,0,0,0,2,0,2,0,0,2,2,2,0,2,2,2,0,2,2,2,2,2,2,0,0,2,2,2,2,1,2,2,1,1,2,2,2,0,2,1,0,2,2
80,2,0,0,0,0,2,0,0,2,2,0,2,0,0,2,0,0,0,0,2,0,0,0,1,2,0,0,0,2,2,2,0,0,2,2,2,0,2,2,2,0,0,0,2,0,2,0,0,0,0,2,2,2,2,2,2,0,2,2,0,2,2,0,2,2,2,2,2,0,2,0,1,2,0,2,2,0,2,0,1,2,2,2,2,2,0,2,2,0,2
81,0,0,0,0,0,0,1,2,0,2,0,0,0,2,0,2,0,0,0,2,2,0,2,0,0,2,2,0,0,0,2,0,2,0,0,2,0,0,0,2,2,0,2,2,2,0,0,0,2,2,2,1,1,2,0,0,0,2,2,2,0,0,0,2,2,0,0,2,1,2,2,2,2,2,2,1,1,2,1,0,1,2,2,2,2,1,1,2,0,2
82,2,0,0,2,0,0,0,2,0,0,2,2,2,2,2,2,0,0,0,1,0,2,0,0,2,0,2,0,0,0,1,2,0,0,1,1,0,2,0,0,0,0,0,0,0,0,0,1,2,0,2,2,2,2,2,2,2,2,2,2,2,0,0,2,2,2,2,2,2,0,2,2,0,0,2,2,0,2,0,2,0,2,2,2,2,0,2,0,2,1
83,2,2,2,0,0,0,0,0,0,2,2,2,2,0,2,2,0,0,0,0,1,0,0,0,0,0,2,0,0,0,1,0,1,0,0,2,0,2,2,0,0,0,2,0,0,1,2,0,2,0,2,2,0,0,0,2,2,2,0,2,2,2,0,2,2,0,2,2,0,1,2,2,2,2,0,2,1,2,2,2,2,1,1,0,2,0,2,2,2,2
84,2,2,2,2,2,0,2,2,0,2,2,0,0,0,0,2,2,2,2,2,0,0,0,0,0,2,0,2,0,0,0,0,2,0,0,0,0,0,1,0,0,2,0,0,0,0,0,0,0,2,1,1,0,0,0,0,2,1,0,2,1,2,2,2,2,2,2,2,1,1,2,1,0,2,2,0,2,2,1,2,2,2,2,2,0,0,2,2,1,0
85,0,0,0,2,0,0,0,0,0,0,2,0,0,2,0,0,2,2,2,0,0,2,0,1,2,0,2,0,0,2,0,2,0,0,0,0,2,2,2,2,0,0,2,2,0,0,0,1,0,2,2,2,2,2,2,2,2,2,2,2,2,2,2,0,2,2,0,2,0,2,0,2,2,0,0,2,2,2,2,1,0,2,2,2,0,0,0,2,2,2
86,0,2,2,2,2,0,0,0,0,1,2,2,0,0,0,0,0,0,2,0,1,0,0,0,0,0,0,0,2,2,1,0,0,0,2,2,2,2,0,0,2,0,0,0,2,2,0,2,0,0,2,2,0,2,0,2,0,0,2,2,0,1,2,2,2,2,2,0,1,2,2,2,0,2,2,0,1,2,2,2,2,1,1,2,2,2,1,2,0,0
87,0,0,0,2,0,2,2,2,0,0,2,0,0,2,2,0,0,0,0,2,0,0,0,2,0,0,2,2,2,0,2,0,0,0,0,2,0,0,2,2,2,0,0,2,2,0,0,0,2,0,0,1,2,2,2,1,0,0,0,2,2,2,2,2,1,2,2,2,2,2,0,2,0,2,0,2,1,2,2,0,1,1,2,1,0,2,2,2,0,2
88,0,0,2,2,0,2,0,0,2,2,0,0,0,0,0,0,2,2,2,0,0,2,2,0,2,0,2,2,0,0,2,0,0,2,2,0,0,0,2,0,0,0,0,0,2,0,2,0,0,2,2,1,2,2,2,2,2,0,0,2,1,2,2,2,2,0,2,2,0,2,2,0,2,2,1,0,2,2,0,2,0,2,2,2,1,0,2,0,1,2
89,0,0,0,2,0,0,2,1,0,0,0,0,0,0,0,2,2,2,2,0,0,0,0,0,0,0,2,2,0,0,0,0,2,0,2,2,0,2,2,1,0,2,0,2,2,0,0,2,2,0,0,1,0,2,0,0,2,2,2,2,2,2,2,0,0,2,2,2,1,2,2,2,2,0,2,2,1,0,2,2,2,0,1,2,2,2,0,2,2,2
90,2,2,2,0,2,0,0,0,2,2,0,2,0,1,0,2,0,0,0,0,0,0,2,0,2,0,0,0,0,2,0,2,2,0,0,0,2,0,0,0,2,0,0,1,2,0,2,0,2,0,2,2,2,2,2,0,2,1,2,0,0,2,2,2,2,2,2,2,1,2,2,0,2,2,2,2,0,2,2,2,2,0,2,0,2,2,0,0,0,2
91,0,2,0,2,0,2,0,2,0,0,2,0,0,2,2,0,0,0,0,0,1,0,2,0,0,0,2,2,0,0,2,2,0,2,2,0,0,0,0,0,0,2,0,0,1,1,2,0,2,0,0,2,2,2,1,2,0,2,2,2,2,0,2,2,2,2,2,0,1,2,0,1,2,2,2,2,1,2,2,0,1,1,0,0,2,2,1,0,2,0
92,1,0,0,2,0,2,0,0,2,2,2,0,0,0,0,0,0,0,0,2,0,2,0,0,2,2,0,2,0,0,0,2,2,0,2,0,0,0,2,0,2,0,0,0,2,0,2,2,0,1,2,1,0,2,2,2,2,2,2,0,2,1,0,2,2,2,0,2,1,0,2,2,2,2,0,0,2,0,2,1,2,1,0,2,2,2,2,0,2,2
93,0,2,2,0,0,2,2,0,0,0,1,2,0,0,2,0,0,0,2,2,0,0,0,2,0,2,2,2,0,1,2,0,0,2,1,0,0,0,0,0,0,0,0,0,2,1,0,0,0,2,0,2,0,2,2,0,2,0,0,2,2,2,1,2,0,2,2,2,2,2,2,0,0,2,2,0,1,2,2,2,2,1,2,2,2,2,1,0,2,2
94,2,0,0,0,0,2,0,2,2,2,0,0,2,0,2,2,0,0,1,0,0,0,2,0,0,0,0,2,0,1,0,0,2,0,0,0,2,0,2,0,2,2,0,2,2,0,0,1,0,0,1,1,2,2,2,2,2,0,2,0,0,2,0,2,0,2,0,2,2,2,2,0,2,2,0,2,1,2,2,0,2,2,0,2,2,1,2,1,1,1
95,0,0,0,2,0,0,0,0,2,2,0,2,0,2,2,0,0,0,0,0,0,1,0,1,2,2,2,2,0,0,1,2,2,2,2,0,0,0,0,2,0,2,0,0,2,0,0,0,0,0,2,1,2,2,2,1,0,1,2,0,2,0,0,2,0,1,2,2,1,1,2,2,2,2,2,1,2,2,0,0,2,2,2,2,2,1,0,0,0,2
96,2,0,2,0,2,2,0,0,0,2,0,0,2,0,2,0,0,0,0,0,2,0,0,0,2,0,0,2,1,2,0,2,0,2,0,2,2,0,0,0,0,0,0,0,2,2,2,0,2,0,2,0,2,2,0,2,2,2,2,2,0,2,2,2,2,0,2,2,2,0,2,0,2,2,2,2,0,0,2,2,0,2,2,0,2,2,2,2,2,1
97,2,0,0,2,0,0,0,2,0,2,0,0,1,2,2,0,0,0,0,0,0,2,2,0,2,2,0,0,2,2,2,0,0,0,0,0,2,0,0,0,2,2,0,0,2,1,0,2,0,0,0,0,2,2,0,2,2,1,2,2,2,2,2,2,2,2,2,2,0,0,2,2,2,2,2,0,0,2,0,0,2,1,0,2,2,2,2,2,2,2
98,2,0,0,2,0,0,2,0,0,0,0,2,2,0,0,2,2,0,1,0,0,0,0,0,2,0,0,0,0,1,2,2,0,0,2,1,0,2,0,1,2,0,0,2,2,2,0,0,0,0,1,2,2,2,2,2,2,0,2,2,2,1,2,0,0,0,2,2,2,2,0,0,2,2,2,2,1,2,0,2,0,0,2,2,1,2,0,2,2,2
99,0,0,0,0,2,0,0,0,0,0,2,0,0,2,2,0,0,2,0,0,2,1,2,1,0,0,2,0,0,2,1,0,0,0,2,0,2,0,0,2,2,0,2,2,0,0,2,2,0,0,0,1,2,0,0,2,0,2,2,0,2,1,2,2,2,2,1,2,0,2,2,2,2,2,2,0,2,1,2,1,2,2,1,0,0,1,2,0,2,2
100,0,0,2,0,1,0,0,2,0,0,2,2,0,0,2,2,0,0,2,0,0,2,1,0,2,0,0,0,0,2,0,0,0,2,2,2,0,2,0,2,0,0,0,0,0,0,0,1,2,2,2,1,0,2,0,2,1,0,0,2,2,0,2,2,2,0,2,2,0,2,2,2,2,0,2,2,1,0,2,2,2,1,2,2,2,2,2,0,2,2
101,0,2,2,0,2,2,2,2,0,0,0,0,2,2,2,0,0,2,2,0,0,0,0,2,2,0,0,0,0,1,0,0,1,2,2,0,0,0,2,0,0,0,0,0,0,0,0,2,2,0,2,1,2,0,0,2,2,0,2,2,0,2,2,0,2,2,2,2,1,2,0,2,0,2,1,2,1,2,1,2,0,2,1,0,2,2,2,2,0,1
102,0,0,0,0,2,2,0,2,0,2,2,0,0,2,2,0,2,2,0,2,0,0,0,2,2,2,0,0,2,1,0,0,2,2,0,0,0,0,2,0,0,0,0,2,0,0,0,2,0,0,2,0,0,2,2,0,2,1,2,0,1,2,2,2,2,2,2,2,2,2,2,0,0,2,0,0,2,2,2,0,2,1,2,2,2,2,2,1,2,0
103,2,1,2,0,2,1,0,0,0,0,2,2,0,0,2,0,0,0,0,0,0,0,0,0,0,2,2,0,0,0,2,0,2,2,2,2,0,0,2,2,0,0,0,0,2,0,0,2,0,2,2,2,2,2,0,0,1,1,2,2,2,1,0,2,2,2,0,0,0,2,2,1,2,2,2,2,2,2,2,2,2,2,0,2,2,2,0,0,2,0
104,2,0,0,2,0,2,2,0,0,2,0,0,0,0,2,2,0,2,1,2,0,0,0,2,0,2,0,2,0,0,0,0,0,0,2,2,0,0,0,1,0,0,0,2,2,1,2,0,0,0,0,2,0,0,0,2,2,2,2,2,0,2,2,2,0,2,2,2,2,2,0,2,2,2,2,1,0,2,2,1,2,1,0,0,2,1,1,1,2,2
105,0,0,2,0,0,0,2,0,2,2,0,0,0,0,2,2,2,2,0,2,0,0,1,0,0,0,0,0,0,0,1,2,0,0,2,0,2,2,0,2,2,0,0,0,2,0,2,0,2,0,0,2,2,2,2,2,0,1,2,0,2,2,2,2,0,2,2,1,1,2,2,2,2,2,1,2,2,2,0,1,0,1,2,2,2,0,0,2,0,0
106,0,0,0,0,0,2,0,1,0,0,0,0,0,0,0,2,2,1,0,0,2,0,1,0,0,0,2,1,2,2,0,2,0,2,0,2,0,2,2,0,2,2,0,0,0,0,0,2,2,0,2,0,1,2,0,2,0,0,2,2,0,1,2,2,0,2,2,1,1,2,2,2,0,2,0,2,2,0,2,2,2,2,2,2,2,2,1,2,0,2
107,0,2,0,0,0,2,0,0,0,0,2,2,0,1,0,0,0,2,0,0,0,0,0,2,2,0,0,0,1,0,1,0,2,2,0,0,2,0,2,0,2,0,0,2,2,2,2,0,2,0,2,0,2,2,2,1,0,2,2,0,0,2,2,0,0,2,2,2,1,0,2,0,2,2,2,0,1,2,2,1,0,2,1,2,2,2,1,2,2,1
108,0,0,2,2,2,2,2,2,0,0,1,0,0,0,0,2,2,1,0,1,2,0,0,2,2,2,0,0,0,0,1,0,0,2,0,0,0,0,2,0,0,2,2,0,0,0,0,0,0,0,2,2,2,2,0,2,2,2,2,0,2,1,2,0,1,0,2,2,1,2,2,2,0,2,2,0,2,2,2,0,0,0,0,2,1,2,2,1,1,2
109,2,1,2,0,0,2,2,2,0,0,0,2,2,0,0,0,0,2,0,0,2,0,2,0,0,0,0,2,2,2,0,0,2,0,2,0,0,0,2,0,1,2,0,2,0,0,0,0,0,0,2,2,2,2,2,2,2,2,2,0,0,2,2,2,0,0,0,2,1,2,0,0,0,2,2,1,1,0,2,2,2,0,1,2,2,2,2,1,2,2
110,0,0,2,2,0,0,0,0,0,0,0,0,0,2,2,0,0,0,2,2,2,0,2,0,0,0,0,0,0,1,2,2,1,0,0,0,0,2,0,0,2,2,0,2,0,2,2,2,2,0,2,0,2,2,2,2,2,2,2,2,0,1,2,2,1,2,2,2,1,0,2,2,0,2,1,2,2,0,0,2,0,2,2,2,2,2,1,0,0,0
111,0,0,1,1,0,0,2,0,0,0,2,2,0,2,2,0,2,0,2,0,0,2,0,2,0,0,0,2,0,0,2,0,0,0,0,2,2,0,2,0,2,0,0,0,0,1,2,2,0,0,0,1,2,0,0,0,2,0,0,2,0,2,0,1,2,1,2,2,1,2,2,2,2,2,0,2,1,2,2,2,0,1,2,2,2,2,1,2,2,2
112,2,0,2,0,2,0,0,0,0,2,0,0,0,0,2,2,2,2,1,0,0,0,0,2,2,0,2,0,0,0,0,2,2,0,0,0,0,2,0,1,0,2,0,0,0,2,0,0,2,2,0,2,2,2,2,0,0,2,1,2,2,2,2,2,2,2,0,2,1,2,0,2,2,2,1,0,2,2,2,1,1,1,2,2,0,0,0,2,0,1
113,0,2,1,0,2,2,0,2,0,2,2,2,0,0,0,2,0,0,1,0,2,0,0,0,0,2,0,0,0,0,0,0,1,0,0,2,2,0,2,0,0,2,0,2,2,0,2,0,0,0,2,1,2,0,2,2,2,2,1,2,0,2,2,2,2,2,2,2,1,0,2,2,0,1,2,0,0,2,2,1,1,2,1,2,0,2,0,0,0,2
114,0,2,0,2,2,0,0,1,0,0,2,0,2,0,0,0,2,1,2,0,2,2,0,1,0,0,2,2,2,0,0,0,2,0,0,0,0,0,2,0,2,0,2,0,0,0,2,0,0,0,2,2,0,0,2,2,1,2,2,2,2,0,0,2,0,0,2,0,0,0,0,2,2,2,2,2,1,1,2,2,2,2,2,2,2,1,2,2,2,1
115,2,0,0,2,2,0,0,0,0,0,0,0,2,0,2,0,0,0,2,1,1,0,2,0,2,0,2,0,0,2,0,2,1,0,2,0,0,2,0,0,0,0,0,0,2,2,2,2,0,0,2,1,0,0,2,2,2,2,0,2,2,2,0,2,2,2,2,2,0,0,2,0,2,2,2,2,1,2,2,2,0,2,1,0,1,2,0,2,2,2
116,0,2,0,0,0,0,2,2,2,2,0,0,0,0,0,0,2,0,0,0,2,2,0,2,0,0,2,0,2,0,2,0,2,0,0,0,1,0,2,2,0,2,0,2,2,0,0,0,0,2,1,0,0,0,0,0,0,0,2,2,2,2,2,2,0,2,2,2,1,2,0,1,2,2,2,1,0,2,1,2,1,1,2,2,2,2,2,2,2,1
117,0,0,2,0,0,1,2,0,0,0,0,0,0,2,2,2,0,2,2,0,1,2,2,0,0,2,2,0,2,0,0,2,0,0,1,1,0,2,0,0,0,0,0,0,0,1,0,0,0,2,2,2,2,2,2,0,2,0,1,0,2,0,2,2,2,2,0,0,1,2,0,2,2,2,2,2,1,2,2,2,2,1,2,2,2,0,0,1,2,0
118,2,2,0,2,2,2,0,0,0,2,2,0,2,1,2,0,0,0,0,0,1,1,0,0,2,0,0,0,0,0,2,0,0,2,0,0,2,2,0,1,0,0,1,0,0,2,0,0,0,0,2,2,0,0,2,1,2,2,1,0,2,2,0,2,0,2,2,2,1,2,0,2,2,2,2,2,1,2,1,0,2,1,2,2,0,2,0,0,2,2
119,2,0,0,0,0,0,0,1,2,0,0,2,2,2,0,2,2,0,0,2,0,0,0,0,2,2,2,2,0,0,0,0,0,0,0,0,2,2,0,0,2,0,2,0,0,2,2,0,2,0,0,1,2,0,0,2,1,1,2,2,2,2,2,0,2,2,2,1,0,0,2,2,2,1,0,1,1,2,0,0,1,2,1,2,1,1,2,0,2,2
120,0,2,2,0,1,0,0,0,0,2,2,2,0,2,2,0,2,1,0,2,0,0,0,1,0,0,0,2,0,1,0,2,0,0,2,1,0,2,2,0,2,0,0,0,0,0,0,0,0,0,2,2,2,2,2,2,0,2,1,2,2,2,1,2,2,2,0,2,0,0,1,2,0,0,2,2,1,2,0,1,0,2,2,2,2,2,2,0,2,0
121,0,2,2,0,0,2,0,0,0,2,0,2,0,0,0,0,0,0,0,0,2,0,2,1,2,0,2,0,0,0,0,2,2,2,0,2,0,0,0,0,2,2,2,0,2,0,0,2,0,2,2,2,0,2,2,0,2,1,2,2,2,2,0,2,0,2,2,0,1,2,2,2,2,2,1,2,0,0,0,1,0,1,1,2,2,0,2,2,2,2
122,2,2,0,0,0,0,2,1,2,2,2,0,0,0,2,0,0,1,2,0,2,0,2,0,0,0,0,2,0,0,0,0,0,0,2,0,0,2,0,2,0,2,0,0,2,0,0,2,2,0,2,2,2,2,2,2,2,1,0,2,2,0,2,0,2,0,2,2,2,2,2,2,0,2,2,0,2,0,2,2,2,1,2,2,0,2,0,2,0,2
123,2,0,0,0,1,0,2,2,2,0,0,2,0,2,0,0,0,0,0,0,2,2,0,0,2,2,0,2,0,0,0,2,0,2,2,0,0,2,0,0,2,2,0,0,0,1,0,2,0,0,2,1,2,0,0,0,0,1,2,2,2,2,2,0,0,0,2,2,2,2,1,2,0,2,0,2,2,2,1,2,0,1,1,2,1,2,2,1,1,2
124,2,2,0,2,0,0,0,0,0,0,2,0,0,2,2,0,2,1,0,0,1,0,2,0,2,0,0,0,0,0,0,2,0,0,0,0,0,0,2,1,0,0,2,2,2,2,2,0,2,0,2,1,2,2,0,2,2,1,2,2,2,2,2,2,2,1,0,0,0,0,2,2,1,2,2,2,0,0,2,1,2,2,1,0,0,0,1,2,2,1
125,2,0,2,0,2,0,2,2,2,0,2,0,0,0,2,0,0,0,2,0,1,0,1,2,2,0,2,0,1,0,2,0,0,0,0,0,0,2,0,0,0,2,0,0,2,0,2,0,0,0,2,2,2,2,2,2,1,1,0,2,2,0,0,0,0,2,2,0,1,2,2,2,0,2,2,2,0,2,2,1,1,1,0,2,2,2,0,2,1,1
126,0,2,0,0,2,2,2,2,0,2,0,0,0,0,0,2,0,2,0,0,0,1,2,0,0,0,2,0,2,2,0,2,0,2,2,0,1,2,0,0,0,0,0,0,2,0,0,0,0,2,2,2,2,2,2,2,2,2,0,2,0,2,2,2,2,2,2,2,1,0,0,0,0,2,2,2,1,0,0,0,2,2,2,0,2,2,2,2,2,1
127,0,2,0,0,0,2,0,0,2,2,0,0,0,0,2,0,0,2,0,0,1,0,0,2,0,0,2,0,0,2,2,0,2,0,0,0,0,2,0,0,2,2,0,2,2,0,2,0,2,2,2,2,0,0,2,2,2,0,2,2,2,2,0,0,2,2,0,2,0,1,2,2,2,2,2,2,0,2,1,2,0,1,2,2,2,0,2,2,2,1
128,2,2,2,0,0,0,2,2,0,2,0,0,0,0,0,2,0,2,0,2,2,0,0,0,1,0,0,2,2,2,0,0,0,2,2,0,0,0,2,2,0,0,0,0,0,0,2,0,2,0,2,1,2,2,0,0,0,2,2,2,0,1,0,0,1,1,1,2,1,2,1,2,0,1,1,1,2,2,2,1,2,0,0,2,2,2,2,0,2,2
129,0,0,0,0,0,0,0,2,2,2,0,2,0,2,2,2,0,0,0,1,0,0,1,1,2,0,0,0,2,1,0,0,0,2,2,2,2,0,0,0,0,2,0,0,2,0,0,0,0,2,2,2,2,2,2,0,0,2,1,0,2,2,2,1,0,1,0,2,1,2,2,0,2,2,2,1,2,2,0,2,2,1,0,2,2,0,2,1,2,0
130,0,2,0,2,0,2,0,0,0,2,2,2,2,0,0,0,0,0,0,1,2,0,2,0,0,2,2,2,0,0,2,2,0,0,0,0,2,0,0,0,0,0,2,2,0,0,0,0,2,2,2,0,2,2,1,1,2,1,2,2,2,0,0,2,0,2,2,0,1,1,2,1,0,1,1,0,1,1,2,1,1,1,0,2,0,2,2,1,2,0
131,0,0,2,0,1,2,2,0,0,0,0,0,0,0,2,2,2,1,0,1,0,0,1,0,2,0,1,0,0,2,0,0,0,0,1,0,2,0,0,0,2,0,0,0,2,2,0,2,1,0,2,0,2,2,2,0,2,1,2,2,2,2,0,2,2,2,2,0,0,1,2,2,0,0,2,1,0,0,2,1,2,2,2,2,2,2,0,2,2,2
132,0,2,2,0,0,2,2,0,2,0,1,2,0,2,0,0,0,2,0,2,1,1,0,2,0,0,0,0,0,0,1,2,0,0,0,0,2,0,2,0,0,0,2,0,0,2,0,2,0,0,2,1,2,0,2,1,2,2,0,0,2,1,0,2,0,2,1,2,1,2,2,2,2,0,2,2,0,2,2,0,2,2,2,2,2,2,2,2,0,0
133,2,0,0,2,1,0,0,0,0,0,2,0,2,0,0,2,0,0,0,0,0,0,0,1,0,0,2,0,0,2,2,0,0,0,2,0,2,2,0,2,0,1,2,0,2,2,2,0,0,1,2,2,1,2,2,1,2,2,2,2,2,2,2,0,2,2,2,2,2,0,2,0,2,2,0,2,0,0,0,2,0,0,1,2,1,0,1,2,2,2
134,0,2,2,2,0,1,0,2,0,2,0,2,2,0,0,0,0,0,0,0,0,2,0,2,0,0,0,0,2,2,0,2,2,0,0,0,2,0,0,0,2,0,2,2,0,1,0,0,2,0,2,2,2,2,2,2,0,0,2,2,2,2,2,0,2,2,2,2,1,2,2,0,2,2,2,2,2,0,0,2,2,0,1,2,2,0,2,0,0,2
135,0,2,0,0,2,2,0,0,0,0,2,0,0,2,2,2,2,0,2,0,0,0,2,2,2,0,2,0,0,0,2,0,0,0,2,2,1,0,0,0,0,2,0,2,0,0,0,0,2,0,0,2,2,2,0,2,1,2,2,2,0,2,2,2,0,0,2,2,0,2,0,2,2,2,2,2,1,2,2,2,2,2,2,2,2,0,0,2,2,0
136,0,0,2,0,2,0,0,0,0,0,2,0,2,0,2,2,0,0,1,0,0,0,0,2,0,2,0,0,2,0,0,2,0,0,2,0,0,2,2,0,0,0,0,2,2,1,2,2,0,2,2,1,2,2,0,2,0,2,1,2,0,1,2,2,2,1,2,2,1,0,2,0,2,1,0,0,2,2,1,1,2,1,1,0,1,0,0,1,2,2
137,0,0,0,0,2,0,0,2,0,2,0,2,2,2,2,0,0,2,0,0,0,0,0,0,2,0,0,0,0,1,0,2,0,2,0,2,0,0,0,1,2,0,2,2,0,1,0,2,0,2,0,1,2,2,0,1,1,2,2,2,2,2,2,2,0,2,2,0,1,1,2,2,2,0,2,0,1,0,2,0,2,1,0,2,2,2,2,0,2,2
138,2,0,2,2,0,0,0,0,0,0,2,0,2,0,0,2,2,1,2,0,0,0,0,1,0,0,0,0,1,0,2,2,1,0,2,1,0,0,0,2,0,0,0,2,0,0,0,2,0,2,2,2,2,2,0,2,1,2,0,2,2,0,2,0,2,2,0,0,0,2,0,2,2,2,2,2,2,2,2,1,2,1,2,0,2,1,2,0,1,1
139,0,0,0,0,1,0,2,0,0,0,2,1,0,1,0,0,0,2,0,0,0,2,0,0,2,2,2,2,0,0,2,0,0,0,0,0,0,2,2,2,0,0,2,2,0,2,2,2,0,0,2,2,0,2,2,2,0,2,2,2,0,2,2,2,2,2,1,2,1,2,2,2,0,2,0,0,0,2,2,1,2,2,0,2,2,0,0,1,2,2
140,2,0,0,2,2,0,0,2,0,0,0,2,2,0,2,0,0,1,0,0,2,0,0,1,2,0,2,2,0,2,0,2,0,0,2,2,0,2,0,0,0,0,2,0,1,0,0,0,0,0,2,1,0,2,2,0,1,2,2,1,2,0,2,2,2,0,0,0,0,2,2,1,2,0,0,1,2,2,2,0,1,1,2,2,2,2,2,1,2,1
141,2,2,0,0,0,0,0,0,0,2,2,2,2,2,0,2,0,2,2,0,1,0,0,0,0,2,0,0,1,0,2,2,0,2,0,0,0,0,2,0,0,0,0,0,2,0,0,0,2,2,2,2,1,0,2,0,0,2,2,2,2,0,0,1,2,2,2,0,1,0,2,1,2,1,0,2,1,2,2,1,0,1,2,2,1,2,0,2,2,1
142,0,2,0,0,0,0,0,1,0,0,0,0,0,2,2,2,0,2,0,0,0,0,2,0,0,0,2,0,0,2,1,0,0,2,2,0,0,2,0,2,2,0,0,2,2,0,2,0,2,2,2,2,0,2,1,2,2,2,2,0,0,1,2,2,1,2,2,1,2,2,2,0,2,0,2,0,0,2,2,2,2,1,0,0,2,2,2,1,2,0
143,0,0,0,2,1,2,0,2,0,0,0,0,0,2,2,0,2,2,1,1,0,0,0,0,0,1,2,0,0,2,0,2,0,0,2,1,0,0,0,1,2,0,0,0,2,0,0,0,0,2,0,1,2,0,0,2,2,0,2,0,2,2,0,2,2,0,2,2,2,2,2,2,2,1,2,2,2,2,0,1,0,2,2,2,2,2,1,2,0,2
144,2,2,2,0,2,1,1,0,0,2,2,0,1,0,0,2,0,2,1,2,0,0,2,0,2,0,2,0,0,0,0,0,2,0,0,0,0,1,0,0,0,0,0,0,0,0,2,0,2,0,2,0,0,2,2,2,2,0,2,2,2,1,2,0,2,0,2,2,2,2,1,2,2,1,2,2,0,0,0,2,2,2,1,2,0,1,1,0,2,2
145,0,0,0,2,0,0,2,0,0,2,0,0,2,0,0,2,2,2,2,1,0,0,0,2,0,0,0,0,1,0,1,1,0,0,0,0,2,0,2,1,1,2,0,2,0,0,1,0,0,0,2,0,0,0,2,2,2,0,2,2,0,0,2,2,2,2,2,2,2,2,2,2,2,2,2,0,1,0,2,0,1,2,0,2,2,2,1,2,2,2
146,0,2,0,2,0,2,0,0,1,2,0,0,0,0,0,1,2,2,2,0,0,2,1,0,0,2,0,0,0,0,1,2,0,0,2,1,0,0,2,0,0,0,2,2,0,0,0,0,1,0,2,1,2,2,2,2,2,2,0,2,2,2,0,2,2,2,0,2,2,2,0,0,2,0,2,2,2,0,0,0,2,2,2,2,2,0,1,2,2,2
147,0,0,0,2,0,2,0,0,0,2,0,0,0,2,2,2,2,0,2,2,0,0,0,0,2,2,0,2,1,0,0,0,1,0,2,0,2,0,2,1,0,0,2,0,0,0,0,0,2,0,0,2,0,2,1,2,0,0,2,2,0,1,2,0,1,2,2,2,1,1,2,0,2,0,1,1,2,1,2,2,0,2,2,2,1,2,2,0,2,2
148,2,0,0,2,0,2,0,2,0,2,2,0,2,0,0,0,2,0,2,0,0,0,2,0,0,2,2,0,0,0,2,0,0,0,2,1,0,0,2,0,0,0,2,0,2,0,0,1,2,0,0,1,2,2,2,2,2,2,0,2,2,2,2,0,2,2,1,0,1,2,2,2,2,2,0,2,0,2,0,0,2,1,0,2,2,2,2,0,1,1
149,0,2,0,2,0,0,0,1,0,2,2,0,2,0,0,0,0,0,1,0,2,2,2,2,0,0,0,0,0,2,0,0,0,2,2,2,0,0,0,0,2,0,0,2,2,0,2,0,1,0,0,1,2,2,1,0,2,2,2,2,1,1,2,2,0,0,0,2,2,2,0,2,2,2,1,2,2,1,2,1,2,0,2,0,2,2,1,0,0,2
150,0,2,0,0,0,2,0,2,2,0,0,0,2,1,0,0,2,0,2,0,0,2,0,0,0,2,0,2,0,2,2,2,0,0,0,0,0,2,0,2,0,0,2,0,0,0,2,2,2,0,2,1,2,0,2,2,2,1,2,0,2,2,2,0,2,0,2,2,1,2,0,2,0,2,2,2,2,2,2,1,2,2,0,0,2,2,1,2,0,0
151,2,0,2,0,0,2,2,2,0,0,2,0,0,0,0,0,0,2,2,0,2,0,0,0,0,0,2,0,0,1,1,2,0,2,0,0,0,0,0,2,1,2,0,1,0,0,0,2,1,0,2,0,0,2,0,2,0,0,2,1,2,0,0,2,2,2,2,2,2,0,2,2,2,2,2,1,1,2,2,1,1,2,2,2,0,1,0,1,1,2
152,0,2,2,2,1,0,0,0,0,2,0,0,0,0,2,0,0,0,2,2,0,0,0,2,2,0,0,0,0,1,2,0,0,0,2,2,0,0,2,0,0,2,0,2,2,0,2,2,0,0,2,2,1,0,2,2,1,1,0,0,2,0,0,1,2,2,2,2,1,1,2,0,0,1,0,2,2,2,1,0,2,2,1,2,2,1,2,0,2,2
153,2,2,0,0,0,0,2,1,0,0,0,2,2,2,0,0,0,0,2,2,2,2,2,0,0,0,2,0,0,0,2,0,0,2,2,0,0,0,0,0,0,2,0,2,0,0,2,0,0,2,2,0,0,2,2,2,0,0,2,2,2,0,0,1,2,2,2,2,1,0,2,2,0,0,2,2,0,2,2,2,2,2,2,2,2,1,2,2,1,2
154,2,2,0,0,2,2,2,0,2,2,0,0,0,0,2,0,2,1,0,0,2,0,0,2,0,2,0,2,0,0,0,0,0,0,0,2,2,2,0,2,0,2,0,0,0,0,2,0,0,0,2,2,2,2,0,0,2,2,2,0,2,2,2,2,2,2,0,0,2,2,2,2,2,2,0,2,1,0,2,0,2,2,2,0,2,0,2,2,2,1
155,0,2,0,2,0,2,0,0,0,0,0,0,2,0,0,2,2,0,2,0,0,0,2,1,0,0,0,0,2,0,2,0,2,2,2,0,0,0,0,1,0,2,0,1,0,2,2,0,0,1,2,2,2,2,2,1,0,1,2,2,2,0,2,2,2,2,0,0,1,2,2,2,0,2,2,2,2,2,1,0,2,2,1,0,2,2,0,0,0,1
156,2,2,2,2,1,2,2,0,0,0,0,0,0,1,0,2,0,0,0,0,1,0,0,0,0,0,2,0,1,0,1,2,2,1,1,0,0,0,2,0,0,0,0,0,0,2,0,2,0,0,0,2,2,2,2,2,2,2,0,2,2,2,2,2,0,2,2,0,1,2,2,2,0,2,0,0,0,2,0,2,2,2,2,0,1,2,2,2,2,2
157,0,2,0,2,0,0,0,0,2,2,0,0,0,2,0,2,0,1,2,0,0,0,2,2,2,0,0,0,0,0,2,2,0,0,1,2,0,2,0,0,0,0,0,2,2,0,2,0,2,0,2,2,2,2,0,0,2,2,2,2,1,2,2,2,2,0,0,0,1,0,2,1,2,2,2,0,0,2,1,2,2,2,2,2,2,2,0,0,2,1
158,2,2,2,0,0,1,0,2,0,0,0,0,0,0,0,0,0,2,2,0,0,0,2,2,0,0,2,0,1,0,1,2,2,0,1,0,2,0,0,0,2,2,1,0,0,0,2,0,0,0,2,1,2,0,2,0,0,2,2,2,0,2,2,0,2,0,2,2,1,2,2,2,0,0,2,2,1,2,2,1,0,0,1,2,2,1,2,2,2,2
159,2,0,0,2,2,2,0,0,1,0,2,0,0,0,0,0,0,2,0,0,1,2,2,0,2,2,0,0,2,2,0,2,0,0,1,1,0,2,0,0,0,2,0,0,0,0,0,0,2,0,2,2,0,2,0,2,2,0,1,2,2,0,2,2,2,0,0,2,1,2,2,0,2,2,0,1,2,0,2,2,2,1,1,0,2,2,2,2,2,1
160,2,0,2,0,2,0,0,0,2,0,0,0,0,0,0,0,0,0,2,1,1,1,0,0,2,2,2,0,0,1,0,0,1,0,2,0,0,0,2,0,2,2,0,2,0,0,2,2,0,0,2,2,2,2,2,2,2,2,2,0,0,2,2,1,0,2,0,2,1,2,2,2,0,2,2,2,1,2,2,2,0,1,2,0,0,1,2,0,2,0
161,0,0,2,2,0,2,0,0,2,0,0,2,0,0,0,0,0,0,2,2,0,2,2,2,0,2,0,0,0,1,0,2,2,2,0,1,2,0,2,0,0,0,2,0,0,0,0,2,0,0,2,2,2,2,2,2,0,0,2,0,2,2,0,2,2,2,2,0,2,2,2,0,0,0,2,2,2,2,2,2,2,0,0,2,2,2,1,2,2,1
162,0,0,2,2,0,2,0,0,0,0,2,0,2,2,2,2,2,0,2,0,0,2,0,0,0,0,2,2,0,0,0,0,2,0,0,0,0,2,2,2,2,2,0,0,2,0,0,0,0,0,1,1,0,2,0,0,2,1,2,2,2,2,2,2,2,2,2,0,0,2,2,2,2,0,1,2,0,2,2,0,2,2,1,2,2,0,1,1,2,0
163,2,2,2,0,2,0,0,0,2,0,2,0,2,0,0,0,0,0,0,1,0,2,0,1,2,2,2,0,0,0,0,0,0,2,2,0,2,0,0,2,0,2,0,0,2,0,0,2,0,0,1,2,0,0,2,2,0,2,1,2,2,0,2,2,0,2,2,2,0,2,2,2,0,1,2,2,0,2,2,2,1,2,1,2,2,0,1,1,0,2
164,0,0,0,2,0,0,0,0,2,2,0,2,2,2,2,0,0,0,0,2,1,0,0,0,0,0,2,0,1,0,0,2,0,0,0,0,0,2,0,2,2,2,0,2,0,2,2,0,2,0,2,0,2,2,0,0,0,2,2,2,2,2,2,2,2,2,2,2,2,2,2,2,2,2,2,0,0,2,0,1,1,2,2,2,0,1,0,2,0,2
165,0,2,0,2,0,1,0,0,2,0,0,0,2,0,0,2,2,1,0,1,2,0,0,0,0,2,0,0,2,2,0,0,2,0,0,2,0,0,0,2,2,0,2,2,0,1,0,0,0,0,2,2,2,2,2,1,0,0,0,2,2,2,1,2,2,2,0,2,1,2,0,0,2,0,2,2,2,2,0,1,2,2,2,0,2,2,2,2,0,2
166,2,0,0,0,0,0,0,2,0,0,2,1,0,2,2,2,2,2,1,0,1,0,2,2,2,2,2,0,2,0,0,0,0,0,0,2,0,0,0,0,0,0,0,0,0,0,0,1,1,0,0,2,2,0,2,2,0,2,2,2,0,2,1,0,1,0,1,2,1,1,2,2,2,2,0,2,1,2,2,0,2,1,0,2,2,2,2,1,0,2
167,2,0,0,0,0,0,0,2,0,0,0,2,0,2,2,2,0,0,2,0,0,0,0,2,2,2,0,2,0,0,1,0,0,0,0,2,0,0,0,2,2,2,2,2,0,0,0,2,2,0,2,1,0,2,2,2,2,1,0,2,2,2,0,2,2,2,2,2,2,2,0,2,2,2,2,2,2,2,1,1,0,0,0,2,0,2,0,2,0,1
168,2,2,0,2,2,2,0,0,2,0,0,2,0,2,2,0,0,0,0,0,2,0,2,0,0,0,0,0,0,0,2,0,0,2,0,0,0,2,0,2,2,2,2,2,0,2,0,0,0,0,2,2,2,0,2,2,2,1,0,0,2,2,2,0,2,0,2,0,1,2,1,0,2,2,2,2,1,2,2,0,0,2,2,2,2,2,1,1,2,0
169,2,2,0,0,0,2,0,0,0,2,2,0,2,0,0,0,2,0,0,1,2,0,0,1,0,2,0,2,0,1,2,0,0,2,0,2,0,0,0,1,0,0,0,2,2,0,0,2,0,0,2,2,2,2,1,1,1,0,0,2,2,0,2,2,2,2,1,1,2,2,2,1,2,0,2,0,0,0,2,2,2,2,0,2,0,2,2,2,0,2
170,2,0,0,0,0,1,0,2,0,0,2,0,0,1,2,0,0,0,2,2,0,0,1,0,2,0,0,0,0,0,2,2,2,0,1,1,0,2,0,1,0,0,0,2,0,0,2,0,0,2,2,2,2,0,2,0,0,2,0,2,2,0,0,2,2,0,0,2,1,1,2,2,2,2,2,2,1,2,2,2,2,2,2,0,2,2,2,0,2,2
171,0,1,2,0,0,0,0,2,2,0,0,2,0,0,2,0,0,2,0,2,2,0,2,0,0,0,2,0,0,0,0,0,0,0,0,1,2,0,2,2,0,0,0,2,0,2,2,2,2,0,2,2,0,2,1,2,0,2,0,2,0,0,2,2,2,2,2,2,1,2,2,0,0,2,2,2,2,2,2,1,0,1,2,0,2,2,1,0,2,2
172,0,0,0,2,1,2,2,0,0,0,0,0,2,0,0,0,2,0,2,0,2,0,2,0,2,0,0,2,1,0,2,0,0,2,0,1,0,0,0,2,0,0,0,0,0,0,1,2,2,2,2,2,2,1,0,1,2,1,2,2,2,0,2,0,2,2,0,0,1,2,0,2,0,2,2,0,2,2,2,2,1,1,2,2,2,0,2,2,2,0
173,2,0,2,0,2,0,2,0,0,0,1,0,2,2,0,2,2,0,2,0,1,0,0,0,1,0,0,0,2,0,0,0,0,0,0,0,2,1,2,0,2,0,2,0,0,2,0,2,0,0,0,2,0,2,2,2,2,2,2,2,0,2,0,2,2,2,2,1,2,1,1,0,2,2,1,1,0,2,2,1,2,0,0,2,0,2,0,2,2,1
174,2,0,2,0,2,0,2,2,2,0,2,0,1,2,0,0,0,1,0,2,0,0,1,0,2,0,2,0,0,0,0,0,0,0,2,1,0,2,0,2,0,2,0,0,0,0,0,0,2,0,2,1,2,2,2,2,2,0,0,0,0,2,2,2,2,2,2,2,0,1,2,2,2,2,1,0,0,0,2,1,2,2,2,2,2,2,2,0,2,0
175,2,0,1,0,2,2,2,0,0,0,2,0,0,2,0,0,0,1,0,0,1,0,1,0,0,2,0,0,0,0,2,0,2,0,2,2,0,0,2,2,0,2,0,2,0,0,2,0,0,0,0,2,2,0,2,2,2,0,2,0,2,1,2,2,2,2,2,2,1,0,2,1,0,1,2,2,1,1,2,1,2,1,0,2,2,2,2,0,0,0
176,2,2,1,0,0,0,2,0,0,2,0,0,0,0,0,0,0,0,2,0,2,1,1,1,0,2,0,0,0,0,2,1,2,0,2,0,0,0,0,0,2,0,2,0,0,2,0,1,2,0,2,1,2,2,1,1,2,2,2,2,2,2,2,2,2,2,2,0,1,0,2,2,0,0,1,2,0,0,2,0,0,1,2,2,2,2,1,0,2,0
177,0,0,1,2,2,0,2,2,2,0,2,0,0,0,0,0,2,0,0,0,2,2,0,2,0,0,1,0,0,1,1,0,0,0,0,0,0,2,0,1,0,0,2,0,2,1,0,0,2,0,2,1,2,2,2,0,0,1,2,2,2,2,1,2,2,0,2,2,1,2,2,2,2,0,2,2,1,0,2,2,0,2,0,2,2,0,2,1,0,0
178,0,0,0,0,1,0,0,0,2,0,2,0,0,2,0,2,0,2,2,0,0,1,0,2,1,2,0,0,1,2,0,0,2,0,0,0,0,0,0,2,2,0,2,2,0,1,2,0,0,0,2,2,2,2,2,2,2,1,0,1,2,2,1,1,1,2,0,0,1,0,0,2,2,1,0,2,2,2,0,1,2,0,2,0,2,2,0,2,2,2
179,0,2,0,0,2,2,0,2,0,0,2,2,0,0,0,2,0,0,0,2,0,2,2,0,0,0,0,2,0,1,1,2,0,0,2,1,0,0,0,0,2,0,0,2,2,0,2,0,0,0,2,1,2,2,2,0,0,1,2,2,2,0,0,1,2,0,2,2,2,0,0,0,2,2,1,0,0,2,2,1,2,1,1,2,2,2,2,2,2,1
180,2,2,0,2,2,1,0,0,0,0,0,0,0,2,2,2,0,1,0,1,1,0,2,0,0,2,0,0,2,0,0,0,0,0,2,0,0,0,0,1,0,0,0,0,0,2,2,2,0,2,2,1,2,0,2,2,2,2,2,2,1,1,2,1,2,0,2,0,1,0,1,1,2,2,2,0,0,2,2,0,1,1,2,2,1,0,0,2,2,0
181,2,0,0,2,0,0,2,0,2,0,0,0,2,0,0,0,0,0,2,2,1,2,1,2,0,0,0,0,2,2,2,0,2,0,0,0,2,0,0,0,0,2,1,1,0,2,0,0,0,0,2,1,2,2,2,2,0,1,0,0,1,2,2,0,2,2,2,2,0,2,2,1,2,2,0,2,0,2,0,2,0,2,2,2,1,2,2,1,1,0
182,0,0,0,2,0,0,2,0,0,0,2,2,0,0,0,0,2,0,0,0,0,2,2,2,0,2,2,0,0,0,0,2,2,2,2,0,2,0,0,0,0,0,0,2,2,1,1,0,2,0,2,1,2,0,1,2,2,0,2,2,2,2,0,0,2,0,2,0,1,2,0,0,2,2,0,2,1,2,1,1,2,1,2,2,0,2,2,2,2,1
183,2,2,1,2,2,0,0,0,0,0,0,0,2,1,0,2,0,0,2,0,2,0,0,0,2,2,0,2,2,0,0,0,2,2,0,2,0,2,0,2,0,0,0,0,0,0,0,2,0,0,1,2,2,0,0,2,0,0,0,2,2,0,0,2,2,2,2,1,1,0,1,2,2,2,1,1,2,0,2,2,1,2,2,2,0,1,2,1,2,1
184,2,2,0,2,0,2,2,0,0,2,0,2,2,0,0,2,0,0,2,0,2,0,2,0,0,0,0,0,1,0,2,0,0,0,0,0,0,2,2,0,2,2,0,2,0,0,0,0,0,2,2,2,0,0,1,2,2,1,2,2,0,2,2,2,2,2,2,2,2,2,1,2,2,2,0,1,1,2,0,0,1,0,2,0,1,0,0,1,2,1
185,0,2,0,0,0,0,0,0,2,0,0,1,0,2,2,0,0,2,2,1,1,0,0,0,0,0,2,2,0,1,0,2,0,0,0,1,0,0,0,0,2,2,2,0,0,2,2,2,0,0,2,1,2,2,2,2,0,1,0,0,2,2,0,2,2,2,1,2,0,1,2,2,2,2,0,2,2,0,0,0,1,1,2,2,2,0,2,2,2,2
186,0,2,2,1,0,2,0,2,0,2,0,0,0,2,0,0,0,0,0,0,0,0,2,0,0,0,0,1,2,0,1,2,0,0,2,0,2,2,0,2,0,0,2,1,0,0,0,0,2,2,2,1,0,2,2,1,2,1,2,0,2,0,2,1,0,2,2,0,2,1,0,2,2,2,2,2,2,2,0,1,0,0,2,0,2,2,2,2,2,2
187,0,0,2,0,1,0,2,0,2,0,2,0,2,2,2,0,0,0,0,0,0,0,2,2,0,2,0,2,2,0,2,0,0,0,0,2,2,0,0,2,0,0,0,0,0,0,2,2,2,0,2,1,2,0,2,0,0,1,2,2,2,2,0,2,2,0,0,0,2,1,2,0,2,0,2,1,2,0,2,2,2,2,2,2,2,2,2,2,1,2
188,2,2,0,2,0,0,0,2,0,2,0,2,0,0,0,0,0,2,0,1,2,2,0,2,0,0,2,0,0,0,0,0,0,0,0,1,0,2,0,2,0,0,2,0,2,0,2,0,2,2,0,1,2,0,0,0,0,2,2,2,2,1,2,2,1,2,0,2,0,2,2,2,2,2,1,2,0,2,1,2,0,2,2,2,2,2,1,0,2,1
189,2,2,2,0,0,1,0,2,0,2,0,2,0,0,2,0,0,0,0,0,0,2,2,0,0,0,0,2,1,0,2,0,0,2,2,2,2,0,0,0,2,0,0,0,0,0,0,2,0,2,0,1,2,2,2,1,0,1,0,2,2,2,1,2,2,0,2,0,2,1,2,2,0,2,0,1,2,0,1,0,1,2,2,1,0,1,2,1,2,2
190,0,2,0,2,2,2,2,0,0,0,0,0,2,0,2,2,0,0,0,0,2,0,0,1,0,2,0,2,1,2,0,2,0,0,2,0,0,2,0,0,0,2,0,0,0,2,0,1,0,0,0,2,0,2,2,0,0,2,2,2,2,0,1,0,2,2,2,2,1,1,0,1,0,2,1,0,1,2,2,1,2,1,1,2,2,2,2,2,1,0
191,2,0,0,0,1,0,2,0,0,0,2,0,0,0,2,2,2,0,0,0,0,0,0,0,0,0,2,0,1,2,2,2,0,2,1,1,0,0,0,0,2,0,0,0,2,1,0,0,2,2,2,1,0,2,2,2,1,2,2,2,0,0,2,2,2,2,0,2,0,1,2,2,2,2,2,1,0,2,0,0,2,0,2,1,2,2,1,0,2,2
192,0,0,0,2,0,1,2,1,0,0,1,0,2,2,0,0,0,0,2,2,0,1,0,1,0,0,2,1,0,2,2,1,0,0,0,0,2,0,2,0,2,0,0,0,0,0,0,0,0,2,0,2,2,2,2,2,2,2,2,0,0,2,2,2,2,0,0,2,2,0,2,2,0,0,2,2,0,2,2,2,2,2,2,2,0,2,2,2,2,2
193,2,0,0,0,2,0,0,0,0,2,2,0,2,0,0,1,0,0,0,0,0,0,2,2,0,2,0,0,0,1,2,0,0,1,0,2,0,0,2,0,0,0,0,2,2,1,2,0,1,2,2,1,2,2,0,1,2,1,0,1,2,2,2,1,2,2,1,2,1,2,0,2,2,2,1,0,2,2,2,0,2,0,1,0,2,0,0,1,2,0
194,0,2,0,0,0,2,0,0,0,0,0,0,0,1,2,2,2,2,0,1,0,1,0,2,0,2,2,0,0,2,0,2,0,0,2,2,0,0,0,0,2,0,0,0,1,2,0,0,2,0,1,2,1,0,0,2,2,2,2,1,0,2,0,0,2,2,1,2,0,1,2,0,2,2,0,2,2,2,2,0,2,2,2,2,2,0,2,1,2,2
195,2,0,2,2,2,0,2,0,0,2,2,0,2,0,0,2,2,0,0,0,0,0,0,2,0,0,2,0,0,0,0,2,0,0,0,2,0,2,2,0,1,0,0,0,2,0,2,0,0,2,2,2,2,0,2,2,2,2,0,0,0,2,1,0,2,0,2,0,1,1,1,2,0,2,2,2,1,2,2,1,1,1,0,0,2,2,2,2,2,2
196,0,2,0,2,0,0,0,0,0,0,0,0,0,1,2,0,2,1,1,0,2,0,2,1,0,0,2,0,0,2,2,2,0,0,2,2,0,0,2,0,0,0,0,0,0,0,2,2,2,0,2,2,2,2,1,2,0,2,2,0,2,2,0,2,2,2,0,2,1,1,0,2,2,2,0,1,2,1,0,2,1,2,0,2,0,2,2,2,0,2
197,1,0,0,2,0,1,2,2,0,2,0,2,0,0,2,0,0,0,2,0,1,0,2,2,2,0,0,0,1,0,2,2,2,0,0,2,0,0,0,0,2,0,0,2,0,0,0,0,0,0,2,0,2,2,2,0,1,1,1,0,2,2,2,1,2,0,0,2,1,2,2,2,0,0,1,0,2,2,0,2,2,2,2,2,1,2,2,2,0,1
198,2,0,2,2,0,0,0,0,0,0,0,2,0,2,2,2,0,2,0,0,2,0,2,0,2,2,0,0,2,0,2,2,0,2,0,0,2,0,0,0,0,0,2,2,0,0,2,0,0,0,2,0,2,0,2,2,2,2,2,2,0,2,2,0,2,0,0,2,2,2,2,0,2,2,2,2,0,2,2,2,2,2,0,2,2,0,2,2,2,2
199,0,2,0,0,2,0,0,2,0,0,2,0,0,0,0,2,2,0,0,0,2,0,0,1,0,0,2,0,0,1,0,0,0,2,2,0,2,0,0,0,2,0,2,2,0,2,0,2,2,2,2,0,1,0,0,1,2,1,2,1,2,0,1,1,0,0,2,2,2,0,2,2,0,2,2,2,1,2,0,1,2,2,0,2,1,2,1,1,2,1
200,0,0,0,0,0,0,2,1,0,2,0,2,2,0,2,2,0,0,2,2,0,0,0,2,0,2,0,0,2,0,2,0,0,2,1,1,0,2,0,1,0,0,2,0,0,1,0,0,0,0,2,0,2,0,2,2,2,2,2,2,0,2,2,2,2,2,2,2,0,2,2,0,2,2,2,2,0,2,2,2,0,1,1,0,2,0,1,1,0,1
201,0,2,1,0,0,1,0,2,0,2,0,0,0,0,0,2,0,2,0,1,0,0,0,0,0,0,0,0,1,2,2,2,2,0,0,0,2,2,0,0,2,0,2,0,2,0,0,1,2,0,2,1,2,0,2,0,0,1,0,2,2,0,0,2,2,2,2,2,1,1,0,0,2,2,0,2,2,2,2,1,2,2,2,2,2,2,0,2,2,2
202,2,0,0,2,2,0,0,2,2,2,0,2,2,1,0,0,2,0,0,2,0,0,2,2,0,2,0,0,2,2,0,0,0,0,1,0,0,2,0,2,0,0,2,0,0,0,0,0,0,0,1,0,2,2,1,1,2,2,2,2,2,2,0,2,0,0,2,2,0,0,2,2,2,2,2,2,2,2,2,2,0,0,2,2,2,2,2,1,0,0
203,0,0,0,0,0,2,0,0,0,2,0,2,2,2,0,0,0,0,0,0,0,2,2,2,2,0,2,2,0,2,1,0,2,0,2,0,0,2,0,2,2,2,0,0,0,1,0,0,0,0,2,0,2,2,0,2,2,1,1,2,2,0,0,2,2,2,2,1,0,2,0,0,2,1,1,1,2,2,2,1,0,0,0,2,1,2,1,1,2,1
204,2,1,2,0,0,1,0,0,0,0,2,2,2,2,0,0,2,0,2,2,0,0,0,1,2,0,0,0,0,0,1,2,0,0,0,0,0,0,2,0,0,2,0,0,0,0,0,1,2,2,2,0,2,2,2,2,2,2,0,0,0,2,2,2,2,1,1,0,2,1,2,0,0,2,1,0,2,2,2,0,2,2,2,2,2,0,2,2,2,2
205,2,2,1,0,1,2,0,0,2,0,2,0,2,0,2,0,0,0,0,2,0,0,1,0,2,0,0,2,0,0,1,0,2,1,1,0,0,2,0,0,0,0,0,1,0,0,0,0,2,0,0,0,2,2,2,2,2,1,2,0,1,2,2,2,2,2,2,2,2,2,2,0,2,2,0,2,1,2,2,0,0,0,0,2,2,1,2,2,2,0
206,0,2,0,0,0,2,0,0,2,2,0,0,0,2,0,0,0,2,0,0,2,2,0,2,2,0,0,2,2,1,1,0,0,0,0,0,2,0,2,0,2,2,0,2,0,0,0,0,0,2,0,1,2,2,2,1,2,2,1,2,0,2,0,2,2,2,1,2,2,2,1,2,0,0,2,2,1,2,0,2,0,2,0,1,2,1,0,1,0,2
207,0,0,0,0,0,2,2,2,2,2,0,0,0,0,0,0,2,0,1,0,2,2,2,0,2,0,0,0,2,0,0,0,0,0,2,2,0,0,2,1,2,0,2,2,0,0,0,2,0,0,2,1,2,2,0,2,0,2,2,1,0,2,2,0,0,2,1,0,1,0,1,2,0,1,1,2,1,0,2,1,2,1,1,0,2,2,1,1,2,1
208,0,0,0,0,2,2,0,0,2,2,2,0,2,0,2,0,0,2,0,2,2,0,0,2,1,0,0,0,0,2,0,2,0,0,0,0,2,0,0,0,2,0,2,0,2,0,2,0,0,2,1,1,2,2,2,2,2,2,0,0,0,0,2,2,2,2,0,0,2,1,2,1,2,1,0,2,1,2,2,2,0,2,0,2,2,2,1,0,2,2
209,0,2,0,0,0,2,0,2,2,2,0,0,0,2,2,2,0,0,0,0,0,0,0,0,0,0,2,0,0,2,2,0,0,0,2,2,0,0,2,1,2,2,2,0,0,0,2,2,0,0,0,0,1,0,2,2,0,2,2,2,0,2,2,0,0,1,1,1,1,0,1,0,1,1,1,1,1,1,2,1,1,1,2,2,2,2,2,2,0,1
210,0,0,0,0,0,2,2,2,2,2,0,2,2,0,0,2,0,0,2,0,0,2,0,0,2,0,2,0,0,0,0,0,0,2,0,0,0,0,0,2,0,2,2,0,1,0,0,2,2,2,0,2,2,1,1,2,0,1,0,2,0,1,2,2,2,0,2,2,1,2,1,2,2,2,0,2,0,2,1,0,2,2,1,2,2,1,2,0,0,2
211,2,2,0,1,0,0,0,0,0,0,2,0,2,2,0,0,0,2,0,2,0,0,0,0,0,0,2,0,0,2,0,0,0,1,0,0,2,2,2,0,2,0,0,2,1,2,1,0,1,0,2,1,1,0,2,2,0,1,2,0,2,1,2,1,2,2,1,0,1,2,2,0,2,2,0,2,1,0,2,1,0,2,1,1,0,2,1,0,2,1
212,0,0,0,2,0,2,2,0,0,0,0,2,2,1,0,0,2,0,2,0,0,0,1,1,2,0,0,2,0,0,0,2,2,0,1,2,2,2,0,0,0,0,0,0,0,0,2,2,0,0,0,2,2,0,2,2,2,0,2,1,0,2,2,0,1,2,1,2,1,2,2,0,2,2,2,2,2,2,2,1,0,2,2,2,2,0,1,0,0,1
213,2,2,0,0,2,2,0,2,2,0,2,0,0,0,0,0,0,0,0,2,2,0,0,0,0,0,2,0,0,2,2,0,2,0,0,0,2,0,2,2,0,0,0,2,2,0,2,0,0,2,0,1,2,0,0,2,2,2,2,0,0,2,2,2,0,2,0,2,1,2,2,0,2,2,1,2,1,2,2,2,1,0,1,2,2,2,2,2,0,2
214,0,0,0,2,0,2,0,2,2,0,2,0,2,2,0,0,0,2,2,2,0,0,0,2,2,2,0,0,0,1,0,0,1,2,0,0,0,0,2,0,0,0,0,2,0,2,0,0,0,2,2,2,2,0,0,1,0,1,2,0,0,2,2,1,2,2,0,2,1,1,2,2,2,2,0,2,1,2,1,1,0,0,2,0,1,2,2,2,2,2
215,0,0,2,0,2,0,0,0,1,0,0,0,0,2,0,2,2,0,2,2,0,0,0,2,0,0,0,0,2,0,2,0,0,0,0,2,1,0,2,2,0,2,0,2,1,0,0,0,2,2,2,2,2,2,0,0,0,2,2,2,2,0,2,2,2,2,2,2,0,2,0,2,2,2,0,2,1,2,2,2,2,1,0,2,2,2,1,2,0,0
216,2,0,2,2,1,0,2,1,0,0,2,2,2,0,0,0,0,2,2,0,0,0,0,0,0,2,0,0,0,0,0,2,2,2,2,0,0,0,0,0,0,0,0,2,0,0,0,2,2,2,2,1,1,2,2,2,1,1,0,2,2,0,2,2,2,0,2,2,2,1,0,2,2,2,0,2,2,0,2,2,0,2,2,2,0,2,0,0,1,1
217,0,2,2,0,0,1,0,1,0,2,2,0,0,0,0,0,0,0,0,0,0,1,0,1,2,2,2,0,0,0,2,0,2,1,0,0,0,2,1,1,0,0,2,2,2,0,0,0,0,0,2,1,1,2,0,2,1,2,2,2,2,2,2,2,2,2,0,2,0,0,2,1,2,1,2,2,1,0,2,2,0,2,0,2,0,2,0,1,2,0
218,0,0,2,0,1,0,2,2,0,2,0,2,0,2,2,2,0,2,0,0,0,0,2,0,0,2,0,0,2,1,0,2,0,0,0,0,0,2,0,0,0,0,2,2,0,2,0,0,0,2,0,1,2,2,2,0,1,1,0,2,2,0,2,2,2,2,2,0,1,2,2,0,2,2,0,1,2,2,1,0,2,1,1,2,2,0,2,2,1,0
219,2,2,0,1,1,1,2,0,0,0,1,2,2,0,0,2,0,2,2,0,0,2,0,0,0,0,2,0,0,2,2,0,0,0,0,0,0,1,2,1,0,0,0,0,0,0,0,0,0,2,2,1,0,0,2,2,1,0,2,2,2,0,2,2,2,0,2,2,0,2,0,0,1,1,1,2,2,2,0,1,0,1,2,2,2,2,1,1,2,1
220,0,2,0,0,0,0,2,2,0,0,0,0,2,0,0,0,0,0,2,0,1,0,0,2,0,2,1,2,0,2,2,0,0,0,2,0,2,0,0,0,0,2,2,2,2,0,0,2,2,0,2,1,2,2,2,1,2,1,2,2,2,2,0,2,0,1,0,1,2,1,2,1,0,0,2,1,2,2,0,1,0,2,0,2,0,1,2,0,2,2
221,0,0,0,0,0,0,0,0,0,0,0,0,0,0,0,0,0,0,0,0,0,0,0,0,0,0,0,0,0,0,0,0,0,0,0,0,0,0,0,0,0,0,0,0,0,0,0,0,0,0,2,1,2,2,2,0,2,0,2,0,2,2,2,2,0,2,0,2,2,1,2,2,2,0,2,2,1,1,1,0,2,1,2,0,2,1,0,2,2,0
222,0,2,0,0,0,0,0,2,2,2,2,2,0,0,2,2,2,1,0,0,0,2,2,0,2,2,0,2,0,0,0,0,0,0,0,0,2,0,2,0,0,2,0,2,0,1,0,0,0,0,2,2,0,2,2,0,1,2,0,2,2,2,2,2,2,2,2,0,1,2,0,2,2,2,2,1,1,0,2,0,2,1,2,2,0,2,1,0,0,2
223,0,0,2,0,0,0,0,0,0,0,0,2,0,1,2,2,2,0,0,2,1,2,2,0,0,2,2,0,0,0,0,2,0,0,0,0,2,1,0,0,2,2,0,2,0,2,0,0,1,0,1,2,0,0,2,2,0,2,1,0,2,1,2,2,2,0,2,2,1,1,2,2,2,1,0,0,1,2,1,1,0,0,1,0,2,2,2,2,1,2
224,2,2,0,0,0,0,0,2,2,2,2,0,0,0,2,0,0,0,2,1,0,0,0,0,0,2,2,0,0,2,0,2,1,0,0,1,2,0,0,0,0,0,2,0,0,0,1,2,2,0,2,1,2,0,2,2,0,1,0,2,2,2,2,0,2,2,2,2,1,2,0,0,2,2,2,2,0,2,0,1,2,2,0,2,2,2,2,2,2,0
225,0,2,0,0,2,2,0,0,2,0,2,0,0,0,2,2,0,0,0,0,0,0,2,2,0,0,1,2,0,2,0,2,0,0,2,0,2,0,0,0,0,2,2,0,2,2,0,0,0,1,2,2,1,2,2,2,1,1,1,2,2,1,2,2,0,1,1,0,0,0,2,1,0,1,2,2,1,2,0,1,2,2,2,2,0,2,0,0,0,1
226,2,0,0,2,0,2,0,0,0,2,2,0,0,2,2,0,0,2,0,1,2,0,0,2,0,0,0,0,0,2,1,0,2,0,0,0,0,0,2,0,1,2,2,0,0,2,0,0,2,0,2,2,0,2,2,1,2,2,2,0,2,1,2,2,2,0,2,2,2,1,0,2,2,0,0,0,0,2,0,0,2,2,2,2,2,2,2,2,2,1
227,0,2,1,0,0,0,2,0,2,2,0,0,2,0,0,2,0,0,0,2,0,0,2,0,2,2,0,0,0,0,0,0,0,2,0,2,0,0,0,1,0,2,2,2,0,1,2,0,0,2,1,0,0,2,1,1,1,0,0,1,1,2,2,2,2,1,2,1,1,1,0,0,1,1,2,0,0,2,1,1,0,1,2,1,0,1,1,1,2,2
228,0,2,2,0,2,0,2,1,2,0,0,1,0,0,0,0,0,0,0,0,1,1,0,0,2,0,0,0,1,0,0,2,0,2,2,0,0,2,2,2,0,0,0,0,2,2,0,0,0,1,2,2,2,0,2,2,2,1,2,1,1,0,2,2,2,2,2,0,1,2,2,2,2,0,2,1,1,0,2,1,0,2,2,2,2,0,0,0,2,0
229,2,0,2,0,2,0,1,1,0,0,2,0,0,0,2,2,2,0,0,0,0,0,2,1,0,2,2,0,0,2,1,0,0,0,0,0,2,0,0,0,2,0,0,0,2,1,2,0,0,0,2,1,2,0,0,0,1,1,2,0,2,1,2,0,2,0,2,0,1,2,2,2,0,2,2,2,1,2,2,1,2,0,1,2,2,2,0,1,2,1
230,0,0,0,2,0,0,2,2,0,0,0,0,2,0,0,2,0,0,0,0,0,1,0,0,2,2,2,2,0,0,0,0,1,2,0,0,2,2,2,0,2,0,2,2,0,0,2,1,0,0,0,0,1,2,2,1,2,1,0,2,0,0,2,1,2,2,1,2,0,2,2,2,2,2,2,2,1,2,2,0,1,0,0,1,2,2,0,1,2,1
231,0,2,0,2,0,1,0,2,0,2,0,0,0,2,0,2,0,0,2,1,0,0,0,1,0,2,0,2,0,2,0,0,1,0,0,0,0,2,2,0,0,2,0,0,2,0,0,2,0,2,2,1,2,2,0,2,1,0,2,2,2,0,2,2,2,2,2,2,0,0,0,2,2,0,2,2,2,2,2,1,2,2,2,0,1,2,0,0,2,2
232,0,0,0,0,2,0,2,0,2,0,0,2,2,2,0,0,0,2,0,1,0,0,0,0,0,0,0,0,1,0,2,0,0,0,2,0,1,2,0,1,2,1,0,0,0,1,2,2,2,0,2,1,2,2,0,2,2,1,2,2,2,0,2,2,2,0,2,2,0,2,2,0,2,1,0,2,1,0,1,1,2,2,1,2,2,2,0,0,0,1
233,0,2,2,0,0,0,0,1,1,2,2,0,1,2,0,0,0,0,0,0,1,0,0,0,1,0,0,0,1,0,0,2,0,2,2,0,2,2,0,2,2,0,0,0,0,0,0,2,2,0,2,1,0,2,2,2,1,2,1,0,0,1,1,0,0,2,2,2,0,2,2,2,0,2,2,2,1,0,2,0,2,0,2,2,2,2,2,1,2,2
234,0,0,0,0,0,1,0,2,0,2,2,0,2,0,0,0,0,2,2,0,0,0,0,0,2,2,2,2,0,0,0,0,1,0,0,0,2,2,2,1,0,2,2,0,2,1,0,0,0,0,2,2,2,2,0,2,2,2,1,2,2,0,2,0,2,2,1,2,0,0,2,2,0,2,0,1,1,2,2,1,1,0,2,1,2,0,1,1,0,2
235,0,0,2,2,2,0,0,2,0,0,2,2,0,1,2,0,0,0,2,0,0,2,0,1,0,2,0,0,0,2,0,0,0,0,0,1,2,0,0,0,0,2,0,0,0,2,0,2,1,2,2,2,0,2,0,0,0,1,2,2,0,1,2,1,1,2,1,2,1,2,2,2,2,2,2,0,2,2,2,2,0,2,0,0,1,0,2,1,2,2
236,2,2,2,0,0,0,0,1,2,2,0,0,1,0,0,0,0,0,0,0,1,0,1,1,0,0,0,1,0,0,0,2,0,1,2,0,1,2,0,0,0,0,2,0,2,0,0,2,0,1,2,0,2,2,2,1,2,2,1,2,2,2,2,2,0,0,2,2,0,0,0,0,2,2,2,1,2,2,2,2,2,0,1,2,0,2,2,0,2,2
237,2,0,0,0,0,2,0,0,0,2,2,0,2,0,0,0,0,2,1,2,0,0,0,0,2,2,2,0,0,1,1,0,0,0,0,0,0,0,2,2,0,2,0,0,2,1,2,0,2,0,2,1,2,2,2,1,2,2,1,0,0,2,0,1,2,2,0,2,1,2,2,2,2,2,1,2,0,2,2,0,2,1,2,0,2,1,2,0,0,0
238,2,2,0,0,0,2,0,0,2,2,0,0,0,1,0,2,0,2,0,2,0,1,0,2,0,0,0,0,2,2,1,0,2,2,0,0,2,0,0,2,0,0,0,2,0,0,0,2,0,0,0,1,0,2,2,0,2,2,2,1,2,1,2,2,2,2,2,1,1,2,2,2,0,1,0,0,2,2,1,2,0,2,0,2,2,2,0,1,2,0
239,2,2,0,0,0,2,0,0,0,0,2,2,0,0,0,0,0,1,2,0,0,2,2,0,0,2,0,0,0,0,1,2,0,2,0,2,0,0,2,2,0,2,0,0,0,0,0,2,2,2,2,1,1,2,2,2,2,1,1,0,1,0,2,2,2,1,2,0,1,0,2,1,0,2,2,2,0,0,2,0,2,1,1,2,0,2,1,0,2,1
240,0,0,2,0,0,2,2,0,0,0,2,0,0,0,0,0,0,0,0,2,0,0,2,0,0,0,2,1,0,0,2,2,0,2,1,0,0,0,1,1,1,2,2,0,2,0,2,0,1,0,2,1,2,2,2,2,2,2,2,2,0,1,2,0,0,1,2,2,2,2,2,2,0,2,2,0,0,2,2,1,0,1,0,0,2,2,2,1,0,2
241,0,2,0,0,0,0,0,0,2,0,0,2,2,0,1,0,2,0,1,2,0,1,0,2,2,2,0,0,1,2,2,2,0,0,0,0,0,0,0,2,0,2,0,1,0,0,0,0,0,2,2,1,0,1,0,2,2,2,2,0,2,0,2,2,2,0,2,2,0,2,1,0,2,2,2,0,1,2,2,0,1,2,2,2,1,0,1,1,1,2
242,0,0,0,2,0,0,0,2,2,0,0,0,2,2,2,2,0,0,0,0,0,0,0,2,0,2,2,0,0,0,0,0,0,0,2,2,2,2,2,0,0,0,2,2,2,0,0,2,0,2,2,1,0,2,2,2,0,2,2,1,2,1,2,0,2,2,2,1,0,1,2,1,2,1,2,2,1,0,2,0,1,0,1,0,0,2,1,1,0,2
243,2,0,1,0,0,0,0,0,1,0,0,0,2,1,0,0,2,0,2,0,0,0,0,0,0,0,0,2,1,1,1,1,0,1,0,1,0,2,2,2,0,2,0,0,2,2,0,0,0,0,2,0,0,2,1,2,2,2,2,0,1,0,2,2,2,0,0,2,0,0,2,2,2,1,2,1,2,2,2,2,2,0,1,2,2,2,0,1,2,2
244,0,0,2,0,0,0,0,0,0,0,0,0,2,2,0,0,0,0,1,1,0,1,0,2,2,2,2,2,0,2,0,2,0,2,2,2,0,2,0,0,0,0,0,2,0,1,0,0,2,0,2,0,2,1,0,2,1,1,0,2,2,0,2,2,0,2,2,2,2,1,2,2,2,2,0,0,1,2,2,1,0,1,1,2,1,2,1,0,0,1
245,0,0,1,2,1,0,0,0,0,2,0,0,0,0,0,2,2,2,0,2,0,0,0,2,0,1,0,0,0,2,2,2,0,0,1,2,0,0,2,1,2,0,0,0,2,0,0,0,2,0,1,2,1,2,1,2,2,2,1,2,2,2,0,1,2,2,1,0,2,1,1,0,0,2,2,0,1,2,0,1,2,1,2,0,2,2,0,1,0,0
246,0,2,0,0,1,2,2,0,0,0,0,2,1,0,0,2,0,0,2,0,2,0,0,1,2,2,2,0,0,1,0,0,2,0,1,2,2,0,0,0,0,0,0,0,0,0,2,1,0,0,2,2,2,2,2,0,0,2,2,2,2,2,1,2,2,0,0,2,2,1,2,2,0,1,0,2,0,2,2,2,2,0,2,2,2,0,0,2,2,1
247,0,0,0,2,0,0,0,2,0,2,0,0,0,2,0,0,0,2,0,2,0,0,2,0,0,2,0,0,1,2,2,0,2,0,1,0,2,0,0,2,2,0,2,2,2,0,0,0,0,1,2,2,2,2,2,2,2,1,1,0,2,0,1,2,2,2,2,2,0,1,2,1,2,0,2,2,2,2,0,2,2,1,2,0,0,0,0,1,0,1
248,0,0,0,0,2,2,2,1,2,0,0,0,0,0,1,2,2,0,0,1,0,2,0,0,0,2,2,0,0,0,0,0,0,0,0,0,0,0,2,2,0,1,2,2,0,2,2,2,0,0,1,0,2,2,2,1,1,2,0,2,2,1,2,0,1,2,1,2,0,0,2,2,2,2,1,0,0,0,0,2,1,1,1,2,0,2,1,1,1,1
249,0,2,2,0,2,0,0,0,0,0,0,1,0,0,2,0,0,0,0,2,0,2,0,2,2,0,2,2,2,0,0,0,0,0,0,0,0,2,2,1,2,0,0,2,0,2,2,0,1,0,0,0,0,2,2,0,2,0,0,1,0,1,2,2,2,2,0,2,0,2,2,2,2,2,2,2,1,2,2,2,1,1,1,1,0,2,2,2,2,2
250,0,2,1,0,2,0,0,0,2,0,0,0,0,0,0,0,0,2,0,2,0,2,1,2,2,0,2,2,0,1,0,0,0,0,1,2,0,0,0,1,0,0,0,2,0,0,2,0,2,2,0,1,2,0,2,2,0,2,2,2,1,0,2,2,2,2,0,0,1,1,2,1,2,2,1,1,1,2,2,1,2,1,2,0,0,1,0,0,2,2
251,2,0,0,2,2,1,0,2,0,2,2,0,0,0,2,0,0,2,2,0,2,0,0,0,0,2,0,2,0,0,0,0,0,0,0,2,0,2,0,1,2,0,2,2,0,2,0,0,0,0,0,1,2,2,2,0,2,2,0,2,2,0,2,0,1,1,0,2,0,1,2,2,2,2,2,0,1,2,0,0,2,1,2,2,2,2,2,1,1,1
252,0,0,0,2,1,2,0,0,0,2,0,0,0,2,0,0,0,1,2,1,0,0,0,0,2,2,0,0,1,0,1,0,2,2,0,0,2,0,2,1,2,0,2,0,0,2,0,0,0,0,2,2,2,2,0,2,1,1,0,0,0,2,2,1,2,2,2,0,1,2,2,1,2,0,2,1,1,2,0,2,0,2,0,2,2,2,2,1,2,0
253,0,2,2,0,0,0,0,0,2,2,2,0,1,1,0,2,2,1,0,2,0,0,0,0,0,0,0,2,0,1,0,0,0,1,0,0,0,0,0,1,2,0,2,0,0,0,2,2,2,0,2,2,1,2,2,2,2,2,2,2,2,2,1,1,0,0,0,1,0,1,0,2,0,1,1,0,1,0,0,2,1,1,2,2,2,0,2,1,2,2
254,2,0,1,2,0,0,0,0,2,0,2,2,2,0,0,2,0,2,2,0,0,0,0,2,0,0,0,2,0,0,0,0,1,2,1,0,0,0,2,2,2,0,0,2,0,0,0,0,2,0,0,2,2,2,0,0,0,0,2,2,0,2,2,2,2,2,2,2,1,2,2,2,2,2,0,2,1,2,1,0,2,2,1,2,2,2,2,0,2,0
255,2,2,2,0,0,0,2,0,2,2,2,0,1,0,2,0,0,0,0,0,0,0,0,1,0,2,0,2,2,0,0,0,0,2,0,0,2,0,2,2,0,0,0,0,2,0,1,0,1,0,0,2,2,2,1,0,0,1,2,2,0,0,2,2,2,2,1,2,0,2,0,0,2,2,2,0,1,1,2,2,2,2,2,0,2,2,1,2,2,1
256,2,0,2,0,2,2,2,2,2,0,2,0,0,0,0,0,2,0,2,0,2,0,1,0,2,0,0,0,0,1,2,0,0,0,1,0,0,0,0,0,0,2,0,2,0,2,0,0,2,0,2,0,2,0,2,0,2,0,2,2,2,2,2,2,2,2,1,0,1,2,2,2,1,0,2,1,1,1,2,1,0,0,1,2,2,2,0,1,0,1
257,2,2,0,2,0,0,0,0,2,0,0,2,0,0,0,0,0,0,1,1,1,1,0,0,0,2,0,2,0,2,1,0,1,0,2,2,0,2,2,0,0,2,0,0,0,0,2,0,0,0,2,1,0,2,0,0,2,2,2,2,2,0,2,2,2,2,0,2,1,0,2,1,1,1,2,0,1,1,2,1,0,1,2,2,0,2,2,1,2,0
258,0,0,0,2,0,1,0,0,0,2,2,0,0,1,0,1,0,0,0,1,0,0,1,1,0,0,0,0,2,0,0,0,0,0,0,0,2,1,2,0,1,2,0,2,0,1,2,2,2,0,0,1,2,2,0,2,0,1,2,2,2,0,2,1,0,2,2,2,1,0,2,2,0,2,2,2,1,2,2,1,0,1,2,2,2,2,0,2,2,0
259,0,0,2,0,0,2,0,0,2,0,2,2,0,1,0,0,2,2,2,0,0,2,2,0,0,0,2,0,0,2,0,0,0,0,0,1,0,2,0,0,2,0,2,2,0,0,2,2,0,0,2,0,1,2,2,1,2,2,2,0,2,2,2,0,0,0,2,2,1,0,2,2,2,1,1,1,0,2,2,1,2,1,0,1,2,0,0,1,2,2
260,0,2,2,0,2,0,0,0,2,2,0,0,0,2,2,0,2,0,0,2,0,0,2,0,2,0,0,2,1,2,2,2,2,0,0,0,0,0,0,1,0,0,0,2,0,0,0,0,0,2,0,2,2,2,2,2,0,1,2,2,2,0,2,1,2,2,2,2,0,1,2,2,0,0,0,2,1,0,2,1,1,2,2,2,0,2,2,0,2,1
261,0,0,0,0,0,1,2,0,2,2,2,0,2,0,0,0,0,1,2,0,0,0,0,0,0,0,2,2,2,0,0,0,2,0,0,0,0,1,2,0,2,2,0,1,0,2,0,2,2,0,0,0,2,0,0,2,2,1,0,2,2,1,0,2,0,2,0,1,1,2,1,1,2,2,2,2,2,2,2,2,2,2,0,2,2,0,1,1,2,1
262,2,2,0,2,0,0,0,1,0,2,0,2,0,0,2,2,0,0,0,1,0,1,2,0,0,0,0,2,0,2,1,0,2,0,0,0,0,0,0,2,0,2,0,2,2,0,0,2,0,0,1,2,0,2,2,2,2,0,1,2,2,1,2,2,2,2,1,2,1,0,0,2,2,0,2,2,1,1,2,1,2,0,1,0,1,0,2,0,2,0
263,1,0,2,2,0,0,0,2,2,0,0,2,2,0,0,2,0,0,1,0,1,2,2,0,2,0,0,2,0,1,0,0,0,2,0,0,0,1,0,0,2,0,2,0,1,0,0,0,0,0,1,2,0,0,0,1,1,0,2,2,2,2,0,0,2,2,2,2,1,2,2,1,2,2,2,2,1,0,2,1,1,2,2,0,2,1,0,1,1,0
264,0,0,1,0,1,0,0,0,0,0,0,1,0,2,0,0,0,1,2,0,1,0,0,0,0,1,1,1,0,0,0,1,0,2,1,2,0,2,0,0,0,2,2,0,2,0,0,1,0,1,2,0,2,2,2,2,2,2,0,2,2,2,2,2,0,0,1,2,1,2,2,2,2,2,1,0,0,0,2,1,2,1,2,0,0,2,2,1,0,2
265,2,0,0,0,0,0,2,0,0,2,0,0,0,2,2,2,2,2,0,0,0,0,2,0,2,0,2,0,0,2,0,0,0,0,2,0,0,0,2,0,2,2,2,2,0,1,2,0,0,0,2,0,2,0,2,0,0,2,2,2,0,2,2,2,2,2,2,2,1,0,2,0,2,2,2,2,0,2,2,2,2,2,2,0,1,2,2,0,2,2
266,0,2,0,1,0,0,0,2,0,2,0,2,2,0,2,2,0,0,0,1,1,0,1,1,2,0,1,1,0,0,0,0,0,0,0,0,2,2,0,0,0,0,0,0,0,0,2,1,0,2,1,2,0,0,0,0,0,1,2,2,2,1,2,2,2,2,1,1,1,2,2,0,0,2,2,0,1,1,2,1,2,1,0,2,1,2,1,0,2,2
267,0,2,0,0,1,2,0,0,0,0,0,2,2,0,0,0,0,1,0,1,0,0,1,0,0,2,0,0,2,2,0,2,1,0,0,0,2,2,0,0,2,0,2,0,0,2,2,0,0,2,0,1,1,1,2,2,2,0,2,2,0,2,2,2,2,2,2,0,1,0,0,2,0,2,2,2,2,2,2,1,2,1,0,2,2,2,0,2,0,2
268,0,0,1,0,1,2,0,0,0,0,0,2,0,0,2,0,2,0,0,0,2,2,2,1,2,0,0,0,0,0,0,0,2,2,2,2,0,0,2,0,2,0,0,0,0,0,2,0,2,2,2,1,0,2,0,2,2,1,2,0,2,2,2,2,2,2,2,2,0,0,2,1,2,0,2,2,0,2,2,1,2,0,1,2,2,0,1,2,0,2
269,0,0,0,2,0,0,0,2,0,0,0,2,0,1,0,0,2,1,2,1,1,2,0,0,0,0,0,2,0,0,1,0,0,0,1,0,2,2,0,2,0,0,2,0,2,0,1,2,0,0,1,1,0,0,2,1,0,2,2,2,2,1,2,1,2,2,0,0,0,1,0,2,2,0,0,2,2,2,2,2,1,1,1,2,2,1,1,0,1,1
270,0,0,0,1,0,2,0,0,2,2,0,2,0,0,2,0,0,2,2,0,0,0,0,2,1,0,0,0,0,0,1,2,0,0,2,0,0,0,2,0,2,0,2,0,2,0,2,2,0,2,2,2,2,2,2,0,0,2,2,1,1,2,0,2,2,2,0,2,1,1,2,1,2,2,2,0,2,0,2,0,2,1,2,2,1,0,0,0,2,1
271,2,2,0,2,2,2,0,2,0,0,2,0,0,0,0,0,2,0,0,0,0,1,2,2,2,2,0,2,2,0,0,0,0,0,0,1,2,0,2,0,0,0,2,0,0,0,0,2,0,0,0,2,2,0,1,2,0,2,2,0,2,2,0,2,1,2,2,2,1,2,2,1,2,2,2,2,2,2,0,0,2,1,2,2,0,0,2,2,2,0
272,0,0,2,0,2,0,0,2,2,0,0,2,0,2,0,2,2,0,0,2,0,0,2,0,0,0,0,2,2,0,2,0,0,0,0,1,0,2,2,2,2,0,0,0,0,0,0,2,0,1,2,1,0,2,0,2,1,1,2,0,2,0,2,2,0,0,2,0,1,2,2,2,2,1,2,2,2,2,2,2,1,0,2,0,2,2,2,2,2,0
273,0,0,2,2,2,0,2,0,0,0,2,2,0,0,0,0,0,0,0,0,0,0,2,0,2,0,0,0,1,0,2,0,1,2,2,0,0,0,2,0,2,0,2,2,0,1,0,0,2,2,1,2,1,0,0,2,1,1,2,2,0,0,2,1,2,1,1,0,1,0,2,2,2,1,2,1,2,1,2,1,0,0,1,1,2,0,0,1,2,2
274,2,2,0,0,2,0,0,2,0,0,2,0,0,0,0,2,0,2,2,0,2,0,2,0,0,2,0,2,1,2,0,0,0,2,2,2,0,2,2,0,0,0,0,0,0,1,0,0,0,0,2,2,0,2,2,2,1,2,0,2,0,2,2,2,0,2,2,2,2,2,2,1,2,2,0,2,0,2,2,1,0,0,2,0,2,2,2,1,2,0
275,2,0,2,0,1,2,0,1,2,2,0,0,0,2,0,2,0,0,2,0,0,0,0,1,0,2,0,2,0,2,0,0,0,0,2,0,0,2,2,0,2,0,0,0,0,0,2,0,0,2,2,2,1,2,2,2,1,0,2,2,2,1,0,0,0,0,2,1,1,1,2,0,0,1,1,1,2,2,2,1,0,1,0,2,0,2,1,1,2,2
276,0,2,0,2,0,0,2,2,0,0,0,2,2,2,0,2,0,1,0,2,0,0,0,0,0,0,0,0,0,0,0,0,2,0,2,1,0,1,2,0,2,0,2,2,0,0,2,2,0,0,2,2,2,0,0,0,1,1,2,1,2,1,0,0,2,1,0,2,2,2,0,2,1,1,0,1,1,0,1,1,2,1,1,2,0,2,1,2,1,2
277,0,0,2,0,2,0,0,2,2,0,0,2,0,0,2,0,2,1,2,0,0,0,2,1,0,2,2,0,0,0,0,2,0,2,0,1,2,0,0,0,0,2,0,0,2,0,0,0,1,0,2,2,1,2,2,2,2,0,2,2,2,0,1,1,1,2,1,2,1,0,0,2,2,0,2,2,2,0,2,2,0,0,2,0,2,0,2,1,2,2
278,0,0,2,2,0,2,0,2,0,2,0,2,0,0,0,2,2,0,2,0,0,0,0,0,2,0,0,2,0,2,0,2,0,0,0,0,0,0,0,2,0,2,2,2,2,0,2,0,1,0,0,1,2,2,2,0,2,2,2,2,2,1,2,0,2,2,1,0,1,0,2,0,2,1,2,1,1,1,2,1,0,1,0,2,1,0,1,1,0,2
279,0,2,0,2,0,2,2,2,0,0,2,1,0,0,2,0,0,1,0,0,2,1,2,0,0,2,0,2,0,0,0,2,0,0,1,0,2,1,0,0,0,0,0,0,0,0,0,2,2,0,2,0,2,2,2,1,2,1,2,2,0,2,2,0,2,2,0,2,1,1,2,1,2,2,1,1,0,0,1,0,1,1,2,0,1,2,2,2,0,0
280,0,0,2,2,0,2,0,0,1,0,0,1,0,0,0,2,2,0,2,0,0,1,0,2,2,0,0,0,0,0,1,0,0,0,0,2,2,1,2,1,2,2,0,1,0,0,0,0,0,0,1,1,1,0,0,0,1,1,1,2,2,2,0,2,0,2,2,2,1,0,0,0,2,2,1,1,1,2,2,1,2,1,1,0,2,0,1,2,2,2
281,1,0,0,0,0,0,0,2,2,0,2,0,0,0,2,2,0,0,0,0,2,0,0,1,0,0,0,2,1,2,0,0,2,0,0,1,2,1,2,2,0,0,0,0,2,2,0,0,0,2,2,1,1,2,2,1,2,2,0,2,0,0,2,1,2,0,1,1,1,1,2,2,2,1,2,0,0,1,0,1,1,1,1,0,2,2,2,1,0,0
282,0,0,0,0,1,0,2,2,2,0,0,2,0,2,0,0,2,0,2,1,0,2,2,0,1,0,2,0,0,1,0,2,0,0,0,2,0,1,0,1,0,0,0,0,0,1,0,0,2,0,1,1,0,0,2,0,0,1,0,2,2,2,2,0,0,2,1,2,1,1,2,2,2,0,1,0,1,2,2,1,2,2,0,2,2,1,2,1,2,2
283,0,0,2,0,0,0,2,0,1,2,0,0,2,2,0,0,0,1,2,0,2,0,2,0,2,0,0,0,2,2,0,0,0,2,0,0,0,0,1,2,1,0,0,0,2,0,0,0,2,2,0,1,0,2,0,2,2,1,2,2,2,0,2,2,2,1,2,2,1,2,2,2,2,0,2,1,0,2,0,0,0,2,1,2,0,2,1,1,2,2
284,0,1,1,2,2,0,0,2,0,2,2,0,0,1,0,0,2,2,0,2,2,0,0,0,0,0,2,0,1,0,0,0,0,2,0,0,2,0,0,0,0,1,0,0,2,1,0,0,0,2,2,2,0,2,2,2,1,2,0,0,1,2,1,2,0,2,2,0,0,1,2,1,2,2,2,2,2,2,2,1,2,1,0,2,2,0,0,0,2,1
285,0,2,0,0,0,1,0,0,1,0,2,2,2,0,0,0,2,0,0,0,2,0,0,2,1,2,0,0,0,0,1,0,0,0,0,0,0,1,2,0,0,2,0,2,2,0,2,2,0,2,2,1,1,0,2,2,2,1,0,2,2,1,1,1,1,0,1,2,1,2,1,1,1,0,0,0,0,1,1,1,2,0,1,1,2,0,2,0,1,1
286,0,2,0,0,0,0,0,2,2,0,2,0,2,0,1,0,0,0,0,1,2,2,0,2,2,2,2,2,0,0,0,0,0,0,2,1,1,0,0,0,2,0,0,0,0,0,0,2,2,0,2,2,2,2,0,2,1,2,0,2,0,2,1,2,2,2,2,2,1,0,2,2,2,1,1,2,2,0,0,1,2,1,0,0,2,1,0,1,2,0
287,2,0,2,2,0,0,0,0,0,0,0,0,0,0,2,0,2,2,2,2,1,2,2,0,0,0,2,2,0,0,0,2,0,0,2,0,0,0,2,2,0,0,0,2,0,0,2,0,1,0,2,2,2,2,1,2,0,1,0,2,2,2,2,1,0,2,1,1,1,2,0,0,1,0,0,1,1,2,2,1,1,2,1,1,0,0,1,2,0,1
288,0,0,0,0,0,2,2,0,0,2,2,0,2,0,0,0,0,0,2,0,2,0,2,0,2,2,0,0,0,0,2,0,2,0,0,1,0,2,2,0,0,0,2,2,1,0,0,2,0,2,2,1,0,2,1,2,0,0,2,2,2,0,0,2,2,0,1,2,1,2,2,2,2,1,0,0,2,2,1,1,0,1,2,0,2,2,2,1,2,1
289,0,2,0,2,2,2,0,2,0,0,0,2,0,2,0,0,2,0,2,0,0,0,0,0,2,0,0,0,1,0,2,1,0,0,2,0,0,0,2,0,0,2,0,2,2,0,0,1,2,0,2,2,2,2,2,2,2,0,1,2,2,0,2,2,2,0,0,0,0,2,2,2,2,2,0,2,2,2,2,2,2,1,0,2,2,2,2,0,0,2
290,0,0,1,2,1,0,0,0,2,0,2,0,0,0,1,1,2,0,0,0,0,0,0,0,1,1,2,2,2,1,0,2,0,0,1,0,0,0,0,0,2,0,0,2,0,0,2,2,0,0,2,1,2,0,0,2,2,1,1,1,2,0,1,2,2,2,2,2,0,2,2,2,2,2,1,2,2,2,0,0,1,0,1,0,0,0,1,2,2,2
291,2,2,0,0,0,0,0,1,2,0,0,2,0,2,2,0,0,0,2,2,0,0,0,2,0,2,2,2,0,0,0,0,0,0,2,0,2,0,0,0,2,0,0,0,2,2,0,2,2,0,2,0,2,2,2,1,1,2,2,2,0,2,0,2,2,2,1,2,1,2,2,0,2,2,2,1,1,0,0,1,2,0,2,0,0,1,0,2,2,1
292,2,0,0,0,0,0,0,2,2,0,2,0,1,0,2,2,0,0,0,2,2,0,2,0,2,0,0,0,0,0,0,2,0,0,0,2,2,0,2,0,2,2,2,0,2,0,0,2,0,0,1,1,0,0,1,1,1,1,2,2,0,1,0,2,2,1,2,2,1,1,1,1,1,0,0,1,2,0,0,1,0,1,1,1,1,1,0,1,2,2
293,0,0,2,0,0,1,2,2,2,0,0,0,0,2,0,0,0,0,0,2,1,0,2,2,0,0,0,0,2,0,2,0,0,0,0,0,2,2,0,0,2,2,2,0,2,0,2,2,0,0,2,2,0,0,2,2,1,1,2,0,2,1,2,2,0,1,2,2,2,2,1,1,2,2,2,2,0,2,0,0,2,2,1,2,0,0,1,1,0,1
294,0,2,0,0,2,0,0,0,0,0,0,0,2,2,0,0,0,0,1,0,0,0,2,1,0,0,1,0,1,2,1,2,2,2,0,0,2,0,0,0,0,0,0,2,2,0,2,1,0,2,2,1,2,2,2,0,2,2,2,0,2,2,2,1,2,2,1,1,1,1,0,2,0,1,2,0,0,0,2,1,2,1,0,2,0,0,1,1,2,2
295,0,0,0,0,0,2,0,0,0,2,0,2,0,0,2,2,0,0,0,0,2,2,0,0,2,0,2,0,0,0,1,0,1,2,2,2,0,0,1,0,2,0,2,0,0,1,2,0,2,0,2,1,0,2,0,0,0,0,2,2,2,0,1,0,2,2,2,2,1,2,2,2,2,1,0,2,0,2,2,1,2,2,1,0,2,2,1,2,2,2
296,2,0,2,0,0,0,0,0,2,2,0,2,0,0,0,0,0,0,0,2,0,2,1,0,2,0,2,2,2,0,1,0,0,0,1,0,0,0,0,0,0,2,2,0,0,0,2,2,2,1,1,1,2,2,2,2,2,1,0,0,2,0,2,1,2,0,0,2,2,0,0,1,2,1,2,0,2,0,2,2,2,1,1,1,0,2,2,2,2,1
297,2,0,2,2,2,2,0,2,1,0,2,2,0,0,2,2,2,1,0,2,0,0,0,2,0,0,2,0,0,0,0,0,0,0,0,0,0,1,0,1,0,0,0,2,0,0,0,0,2,0,2,1,2,2,2,1,2,0,2,2,1,0,2,2,0,0,2,2,0,2,0,0,0,2,1,2,2,2,1,1,2,1,0,1,2,2,1,2,1,0
298,2,2,2,0,0,0,2,2,0,0,0,0,0,0,2,2,2,2,0,0,2,0,2,0,0,0,2,0,0,2,1,2,2,0,0,1,0,2,0,0,0,0,0,2,0,0,2,0,0,0,2,1,0,2,2,2,2,0,0,0,0,2,0,2,2,2,2,2,0,1,0,2,2,0,2,1,1,2,2,1,2,2,2,2,2,2,2,2,0,2
299,0,0,2,2,2,0,2,0,2,2,0,0,1,0,0,0,2,0,2,0,1,0,0,0,0,2,2,0,2,0,0,2,0,1,0,0,0,0,2,0,0,2,0,1,0,2,2,0,0,0,2,2,1,2,2,2,2,2,1,2,1,2,2,0,0,2,2,2,1,0,0,2,2,1,2,2,0,1,2,0,1,2,0,0,2,1,2,2,0,0
300,2,0,2,2,2,0,0,0,0,2,0,0,0,2,0,2,2,1,1,0,0,0,2,1,2,0,0,2,0,0,1,2,1,0,0,0,2,0,0,2,2,0,0,0,0,0,0,0,0,0,2,2,0,1,2,2,2,0,2,2,0,0,2,2,2,2,2,2,1,2,0,2,2,0,1,0,1,2,2,1,2,1,1,0,2,0,1,0,2,2
301,2,2,0,2,0,0,2,0,0,0,2,0,2,0,2,0,2,0,0,0,0,1,1,2,0,2,0,0,0,0,0,0,0,0,2,0,0,0,2,2,2,2,2,0,0,2,0,2,0,0,2,0,0,0,2,2,2,1,2,0,0,2,1,2,2,2,0,1,1,1,0,2,2,2,0,2,2,2,0,1,2,1,2,2,0,2,2,1,1,1
302,1,0,0,0,0,2,2,0,2,2,2,0,0,0,2,2,0,1,0,0,0,2,0,1,2,2,0,2,1,0,1,0,0,0,1,0,1,0,0,0,0,0,0,0,2,0,0,0,2,0,2,0,1,2,2,2,2,2,0,2,0,1,2,2,2,2,2,0,0,0,2,2,2,1,1,0,0,1,2,1,0,1,2,2,2,1,0,1,2,2
303,0,0,1,0,0,0,0,0,2,0,0,2,0,0,2,2,2,0,0,1,2,0,0,0,0,0,0,0,0,2,0,0,1,0,1,2,2,2,2,0,2,0,0,2,2,0,0,2,0,2,1,2,0,0,2,1,1,1,2,2,2,1,0,2,0,0,1,1,1,2,2,1,0,2,2,2,2,2,2,2,2,2,2,0,0,2,0,0,2,2
304,0,0,0,0,0,2,0,2,0,0,0,0,0,2,0,0,2,0,1,2,2,2,0,0,2,2,2,0,1,0,0,2,2,2,0,0,2,0,0,0,0,0,2,0,0,1,2,0,0,2,2,1,0,0,2,1,2,1,1,1,0,2,2,2,0,2,2,0,1,2,2,2,2,2,0,2,1,1,0,2,2,1,0,2,2,1,2,0,0,2
305,2,0,2,0,2,0,1,2,0,2,2,1,0,2,2,0,0,0,0,2,0,1,0,0,0,0,1,2,0,0,0,0,0,0,0,0,0,1,0,0,0,0,2,0,2,0,2,0,2,2,0,1,2,0,2,2,2,2,1,2,2,0,2,0,2,2,0,2,1,2,2,2,2,2,0,2,2,2,1,0,0,1,2,2,1,0,0,2,2,1
306,0,2,2,2,2,0,0,0,0,0,2,0,0,2,0,0,0,2,2,0,0,0,0,0,0,2,0,0,1,2,2,0,2,0,0,1,2,2,0,2,0,0,0,0,0,2,2,0,0,1,1,1,2,2,0,1,1,1,0,0,1,1,2,1,0,2,0,0,2,2,2,1,2,1,1,1,1,1,2,1,2,1,2,1,2,0,0,0,2,0
307,0,0,2,0,0,0,2,0,0,0,2,0,0,0,0,0,0,2,0,2,1,0,0,2,0,2,2,0,2,2,2,0,0,2,0,0,0,2,2,0,2,2,0,2,0,2,2,0,0,0,2,1,0,0,2,0,0,1,1,2,2,1,2,2,0,1,2,1,1,2,1,0,2,0,1,2,0,2,1,1,2,0,0,2,2,2,1,1,2,1
308,1,0,0,1,0,2,0,0,2,0,2,2,0,0,0,0,0,0,1,0,0,2,1,1,0,0,0,0,0,0,0,2,0,1,1,0,0,2,0,1,0,2,0,2,2,0,0,2,0,2,1,1,2,0,2,1,0,2,0,2,2,0,1,1,2,2,2,2,1,0,2,2,2,2,2,1,0,2,2,0,2,1,1,0,2,2,1,0,0,2
309,0,0,0,0,2,0,0,2,1,0,2,0,2,0,0,0,2,0,0,0,2,0,0,0,0,2,0,0,2,0,0,2,0,2,2,0,2,2,2,0,0,2,0,0,0,1,0,2,2,2,2,2,2,2,2,1,0,2,2,0,1,1,0,1,1,1,1,1,2,2,0,0,0,1,1,1,0,2,1,2,1,0,0,0,2,1,1,2,1,1
310,0,2,1,0,2,0,2,0,0,2,2,0,0,2,0,0,0,0,0,0,1,2,0,1,2,0,0,1,0,2,0,2,0,0,0,0,2,0,2,1,0,1,0,1,0,2,0,0,0,0,1,0,2,2,2,1,2,2,2,0,2,2,1,2,0,2,2,2,1,0,2,2,2,2,1,2,2,0,0,1,0,0,0,2,1,0,1,1,2,1
311,2,0,2,2,0,1,0,0,0,0,0,0,0,2,2,0,1,2,1,1,0,0,2,0,0,0,0,0,0,0,2,2,0,2,0,0,0,1,0,0,0,0,0,2,0,1,2,0,2,2,2,1,1,0,1,0,1,0,2,0,2,0,2,2,0,2,2,2,1,2,2,2,2,2,2,0,1,0,2,1,1,2,1,2,0,2,0,2,2,2
312,0,2,0,2,2,1,2,0,2,0,0,2,0,2,0,0,2,0,0,0,0,0,2,1,2,2,0,0,2,1,0,0,0,2,0,1,0,0,0,2,0,0,0,2,2,0,0,0,0,0,0,0,2,2,2,0,1,2,2,2,2,1,2,2,2,2,1,2,0,2,1,1,2,2,0,2,2,2,0,1,0,0,2,0,2,2,2,1,2,0
313,0,0,0,0,0,2,0,0,0,2,0,1,0,0,0,0,0,0,1,0,0,0,0,0,1,2,2,0,1,2,2,0,2,0,0,1,0,2,0,1,0,2,2,0,0,2,1,0,2,2,2,0,1,2,2,2,1,1,2,2,2,0,2,2,0,2,2,2,0,2,2,1,0,0,2,2,1,2,0,0,0,2,2,2,2,2,2,0,2,1
314,0,2,2,0,0,2,0,0,2,0,0,0,0,0,2,0,0,2,0,1,0,0,2,0,0,0,2,0,0,2,0,2,0,2,2,1,2,2,0,2,0,0,0,0,0,1,0,0,2,2,0,0,2,0,2,2,1,2,0,0,0,2,2,2,2,2,1,2,1,1,2,2,0,0,2,1,2,2,1,0,1,2,2,2,2,1,1,1,1,0
315,2,2,2,0,0,2,2,2,2,2,0,2,2,2,0,2,0,0,0,0,1,2,0,2,2,0,0,2,0,0,0,2,0,0,0,1,0,0,0,2,0,0,0,0,0,0,0,0,0,0,2,0,2,2,2,1,2,2,2,2,0,2,2,0,2,2,1,2,0,0,2,0,2,0,2,2,1,2,2,1,2,1,2,1,0,1,1,0,1,0
316,2,0,0,1,1,0,0,0,0,0,0,2,0,2,0,0,0,1,0,2,0,0,0,1,2,0,2,2,0,2,0,2,0,0,0,2,1,1,0,0,0,2,0,0,2,2,0,0,0,2,2,1,1,2,0,2,1,2,2,1,1,2,2,1,2,0,1,0,0,1,2,2,0,0,2,0,1,2,1,1,0,2,2,2,2,2,1,0,2,0
317,0,0,2,0,2,0,0,0,2,2,0,2,2,0,0,0,2,0,0,0,1,0,0,1,0,2,0,2,2,2,0,0,0,0,0,0,0,0,2,2,0,2,0,2,0,1,2,0,0,2,2,1,2,2,2,1,0,0,2,0,2,2,2,1,2,0,1,0,2,2,1,0,2,2,0,2,1,2,2,2,2,0,1,0,2,2,1,1,0,2
318,0,0,0,2,1,0,0,2,0,0,2,0,0,2,0,1,0,0,2,1,0,2,2,0,0,2,0,0,2,2,1,0,0,0,2,0,2,0,0,0,2,2,0,2,2,0,0,0,0,0,1,1,1,0,1,1,2,2,2,0,1,1,2,2,0,2,2,2,1,0,1,2,2,2,2,0,0,0,2,1,1,2,2,0,1,0,2,1,2,0
319,2,0,0,2,1,0,0,0,1,2,0,0,0,2,0,2,2,0,0,0,2,2,0,2,0,2,0,2,2,0,0,1,2,0,2,0,0,2,0,0,0,0,0,0,0,1,0,0,0,2,2,0,2,0,0,2,2,1,0,0,0,2,2,1,2,1,0,0,1,2,1,2,2,1,2,2,2,1,0,0,2,1,2,1,2,2,1,1,2,2
320,2,2,0,0,2,0,0,2,0,0,2,0,0,0,2,0,0,2,2,0,0,2,0,0,0,2,0,0,0,0,2,2,0,2,2,0,0,0,2,0,2,0,2,0,1,2,0,0,2,0,2,1,2,2,0,1,2,2,0,2,2,0,2,1,2,0,2,2,1,2,1,2,2,0,1,2,1,2,0,1,2,0,0,2,0,2,0,2,2,1
321,2,0,0,0,2,1,0,2,0,0,0,0,0,0,2,2,0,1,0,1,0,0,0,0,0,0,1,0,1,0,0,2,0,0,0,1,0,0,0,2,1,0,2,2,2,2,0,0,2,2,2,1,1,0,0,2,2,2,2,2,0,2,0,0,2,2,2,2,1,1,2,1,2,1,2,2,0,2,0,0,1,1,2,2,1,2,2,1,0,0
322,1,0,1,2,0,0,2,0,0,0,0,2,0,0,0,2,2,1,2,1,0,2,2,1,2,2,2,0,0,0,0,0,0,0,0,0,0,2,0,0,0,0,0,0,2,2,0,0,0,2,2,2,0,2,0,2,2,1,2,2,0,2,2,2,2,2,2,1,1,2,0,0,2,0,1,0,0,2,2,2,1,1,1,0,2,0,1,1,2,2
323,0,2,1,2,0,0,0,2,0,0,2,0,0,0,1,0,1,0,0,1,2,0,0,0,0,2,1,2,0,0,0,0,2,0,0,1,2,0,1,0,0,0,2,0,0,2,2,0,2,0,1,1,1,0,0,0,0,2,2,0,2,2,2,2,2,1,2,1,2,2,1,1,2,1,0,1,2,2,0,1,0,1,2,2,1,0,1,0,2,1
324,2,2,0,0,2,0,2,0,2,2,2,2,0,0,0,0,0,0,0,2,2,0,0,0,0,2,0,0,0,2,0,2,0,2,0,1,0,1,0,2,2,0,0,0,0,2,0,0,0,2,2,2,2,2,2,1,1,0,2,2,2,1,0,0,2,2,0,2,1,0,2,1,2,2,2,2,2,2,2,0,2,2,1,1,0,0,1,0,2,0
325,0,0,2,0,0,0,2,0,0,0,2,0,2,0,0,0,2,0,0,1,1,2,2,0,1,2,0,2,0,0,0,0,2,2,2,0,0,0,0,0,0,2,0,0,0,1,2,1,1,0,2,1,2,2,2,2,1,1,0,2,0,0,2,2,1,0,1,0,1,1,0,1,1,2,1,1,1,0,1,1,1,1,0,0,2,1,0,1,1,1
326,1,2,0,0,0,0,0,0,2,0,0,0,2,2,0,2,0,0,1,0,0,0,0,0,0,0,0,0,2,0,1,1,0,0,1,2,0,2,0,2,1,2,0,1,0,2,0,1,2,0,0,2,1,2,1,0,0,2,0,2,2,2,2,2,2,2,2,2,2,2,2,2,2,0,2,2,1,0,2,1,0,2,0,2,2,0,1,0,2,2
327,0,0,0,0,0,0,0,0,0,2,0,2,2,0,2,2,0,2,0,2,0,2,0,0,2,0,1,2,1,0,0,2,2,2,2,0,0,2,2,0,0,0,0,0,0,2,0,0,0,2,2,2,2,2,2,0,1,1,0,2,1,0,0,2,2,0,0,2,1,1,1,2,0,1,1,1,1,2,2,2,1,0,1,1,1,1,2,0,2,0
328,0,0,0,2,0,1,0,0,2,2,0,2,2,0,0,2,0,0,0,1,0,0,0,0,2,0,0,0,0,0,0,1,2,1,2,0,0,0,0,2,2,0,0,2,0,0,2,1,2,2,0,2,2,2,0,2,1,2,2,2,0,0,2,1,2,1,2,1,1,0,0,1,2,2,0,2,1,2,2,2,2,1,2,0,2,0,2,0,1,1
329,0,0,0,0,2,1,0,2,2,0,1,0,0,0,2,0,2,0,2,0,2,2,2,2,0,0,2,0,0,0,0,2,0,0,2,1,0,0,0,2,2,0,2,2,0,0,0,0,0,0,2,1,0,0,2,2,0,2,0,2,0,2,2,2,2,1,2,2,0,1,0,2,2,0,2,0,1,2,1,1,2,1,2,2,1,2,2,2,0,1
330,0,2,0,0,0,2,2,1,0,2,2,0,0,0,2,2,0,0,0,1,0,0,0,2,0,0,2,0,0,1,2,2,2,2,0,2,0,0,2,0,0,0,1,0,0,0,0,1,0,0,1,0,1,2,2,2,0,1,2,2,0,0,0,2,2,2,0,2,1,2,1,0,2,2,1,2,2,1,1,2,2,1,1,1,2,2,0,0,0,2
331,0,0,0,0,0,0,0,0,0,0,0,0,0,0,0,0,0,0,0,0,0,0,0,0,0,0,0,0,0,0,0,0,0,0,0,0,0,0,0,0,0,0,0,0,0,0,0,0,0,0,2,2,2,2,2,2,2,0,2,0,0,2,1,0,0,2,0,2,1,2,2,0,2,0,2,1,1,0,2,2,2,2,0,2,2,2,2,1,2,2
332,0,0,0,0,0,2,2,2,2,0,1,0,0,0,2,2,1,0,0,0,2,2,0,0,0,0,2,2,0,0,0,1,0,1,1,0,0,2,0,1,0,0,1,0,0,0,0,1,2,0,0,1,1,1,0,2,0,2,2,2,2,0,2,1,2,0,1,1,1,1,1,2,2,2,2,2,0,2,1,1,2,2,0,2,2,0,1,0,0,1
333,0,2,0,2,2,0,0,0,0,2,0,0,0,0,0,2,0,0,0,0,1,0,1,0,2,0,0,2,2,0,0,0,1,0,2,1,2,0,1,0,0,0,1,0,1,0,2,2,2,0,1,0,1,2,2,0,2,1,1,2,0,2,1,0,2,2,2,2,1,2,0,2,2,2,1,2,0,2,2,1,1,1,2,0,2,0,2,0,0,1
334,0,0,2,0,0,2,0,0,1,0,0,1,0,0,2,2,2,0,0,0,0,2,0,1,0,0,2,0,2,2,0,2,2,0,0,0,2,2,1,0,1,2,0,0,0,0,2,0,0,0,2,2,0,2,1,2,2,1,2,0,0,0,2,0,2,1,1,0,0,2,2,2,1,2,2,0,2,2,2,1,0,2,2,2,2,0,1,1,2,1
335,0,2,2,0,0,0,0,0,0,2,2,0,2,2,0,0,0,1,2,2,2,0,0,0,2,2,0,0,1,0,1,0,0,0,2,0,2,1,0,0,0,0,0,2,2,0,0,1,0,0,2,1,0,2,0,0,0,1,0,2,2,1,2,2,1,0,2,2,1,2,0,2,1,2,0,1,2,2,0,2,2,2,1,2,1,1,1,1,2,0
336,0,0,1,0,0,0,2,2,2,2,2,2,0,0,0,0,0,0,2,0,0,2,0,0,0,0,2,0,1,2,0,0,2,0,0,1,2,0,2,0,1,0,0,2,2,0,0,0,0,2,2,2,0,2,2,2,2,0,2,1,2,1,1,2,2,1,2,2,1,0,2,1,0,1,2,0,2,2,2,0,2,1,2,0,0,0,1,1,2,0
337,2,2,2,0,0,2,2,2,0,0,1,1,2,1,0,0,0,2,0,1,0,1,0,0,1,0,0,0,0,1,1,0,0,0,1,0,0,0,0,0,1,0,2,1,0,0,0,0,0,0,2,0,2,2,0,2,2,2,1,2,2,1,2,1,2,0,0,2,0,2,2,2,2,2,2,2,0,0,2,1,2,1,0,1,0,2,0,1,2,1
338,0,2,1,0,0,0,0,2,2,0,0,0,0,0,2,2,0,2,0,0,0,2,2,2,0,0,2,0,0,0,0,0,2,0,0,0,2,0,0,2,2,0,0,2,2,0,0,1,2,1,0,1,2,2,0,0,2,2,2,0,2,2,2,0,0,2,1,2,2,2,0,1,2,2,0,1,2,2,0,1,1,2,1,2,1,2,2,0,2,2
339,0,2,0,0,0,2,2,0,0,2,0,0,0,1,2,0,2,1,0,2,0,2,0,2,2,2,0,0,0,0,0,2,0,2,1,1,0,0,0,2,0,0,0,2,0,1,0,0,0,0,2,1,2,0,2,2,1,0,0,2,0,1,1,2,2,2,2,0,2,1,1,1,2,1,1,0,0,1,0,1,2,1,2,2,0,1,1,1,1,0
340,0,2,0,0,0,2,2,0,0,0,2,0,0,0,2,2,0,0,0,2,0,2,2,1,0,0,0,2,0,2,1,0,2,1,2,2,0,1,0,0,0,0,0,0,2,0,0,0,0,2,0,0,0,2,2,0,1,0,2,1,2,2,2,0,2,2,2,2,0,1,2,2,2,1,0,2,2,0,2,0,1,1,2,2,2,2,1,2,2,2
341,0,2,1,0,2,2,0,0,0,2,0,0,0,0,0,0,0,2,2,0,2,2,1,2,0,0,0,2,0,0,0,0,0,0,0,0,0,2,0,2,1,0,0,2,2,0,2,2,2,0,2,1,2,2,2,2,0,1,2,0,2,1,2,2,2,2,1,2,0,2,1,1,0,1,1,2,1,0,0,1,1,2,2,2,0,0,1,2,0,0
342,0,0,0,0,0,0,0,0,0,0,0,0,0,0,0,0,0,0,0,0,0,0,0,0,0,0,0,0,0,0,0,0,0,0,0,0,0,0,0,0,0,0,0,0,0,0,0,0,0,0,1,1,2,2,0,2,0,1,1,0,2,0,0,2,1,1,0,1,1,1,0,0,1,1,1,1,0,1,1,1,1,1,1,1,2,1,1,1,1,0
343,2,0,2,2,0,0,0,0,2,0,0,0,1,2,2,2,2,0,2,0,0,0,0,2,0,2,0,0,2,0,0,0,2,0,1,0,0,0,0,0,0,2,0,0,2,2,0,1,0,2,2,1,1,2,0,0,0,2,2,2,2,0,0,0,2,2,1,2,1,1,2,2,2,1,1,1,0,1,2,1,0,2,0,2,2,2,1,1,0,1
344,0,0,0,0,0,0,0,0,0,0,0,0,0,0,0,0,0,0,0,0,0,0,0,0,0,0,0,0,0,0,0,0,0,0,0,0,0,0,0,0,0,0,0,0,0,0,0,0,0,0,2,2,0,2,2,2,0,2,1,2,2,2,2,2,0,2,0,2,1,2,2,2,0,0,0,1,0,0,2,0,2,2,2,2,2,2,2,1,2,2
345,0,0,0,0,0,0,0,0,0,0,0,0,0,0,0,0,0,0,0,0,0,0,0,0,0,0,0,0,0,0,0,0,0,0,0,0,0,0,0,0,0,0,0,0,0,0,0,0,0,0,1,2,0,2,2,2,0,2,2,2,0,2,0,2,2,0,2,2,2,1,0,2,2,0,2,2,2,0,2,0,2,2,2,2,1,0,2,2,2,2
346,0,2,0,2,0,0,2,2,2,2,0,2,0,0,0,0,0,1,2,2,2,0,0,0,0,0,0,2,1,0,2,2,0,0,0,1,2,2,0,0,0,0,2,0,2,0,0,0,0,0,2,2,1,0,2,2,2,2,2,2,2,0,2,2,1,2,0,2,1,0,0,2,2,0,2,0,2,2,0,1,2,1,2,2,0,2,1,1,0,2
347,2,0,2,2,0,0,0,0,2,0,0,2,0,2,2,0,0,0,0,2,0,0,1,0,0,0,0,0,0,2,0,0,2,2,2,2,1,0,0,2,0,2,2,0,2,0,0,0,0,1,2,1,0,2,2,2,2,0,2,2,2,2,2,2,0,0,2,0,1,2,2,2,2,0,0,0,2,0,2,1,2,1,2,2,2,0,2,1,1,2
348,0,0,0,1,0,0,0,1,2,0,2,0,0,0,0,0,2,0,2,0,0,0,2,1,2,0,2,2,0,0,2,0,0,2,0,1,2,0,1,0,2,2,0,2,0,0,0,2,0,0,1,1,2,2,0,1,2,2,0,0,2,0,1,1,2,2,0,1,1,1,2,0,2,2,2,2,1,0,1,0,2,0,2,1,1,0,2,1,2,2
349,0,0,2,0,0,0,0,0,2,0,2,0,1,2,2,0,2,0,0,2,1,2,0,0,2,0,1,1,0,0,0,0,0,1,0,0,0,2,0,0,0,2,1,2,0,0,0,1,2,0,1,0,2,0,2,1,1,1,2,0,2,1,1,2,0,2,2,1,1,2,2,1,2,2,2,2,2,0,2,0,0,2,2,2,0,0,1,2,0,2
350,0,2,0,0,0,0,2,2,0,0,1,2,1,0,2,0,1,0,0,0,1,1,1,0,0,0,1,0,0,1,0,0,1,1,1,0,2,0,2,0,0,0,0,0,0,0,0,1,2,0,2,1,2,0,0,2,1,1,0,0,2,0,2,2,2,0,2,2,0,0,2,2,2,1,2,2,1,2,2,1,1,0,1,1,0,2,1,1,1,1
351,2,0,2,0,2,0,2,1,0,2,0,2,2,0,0,0,0,0,2,2,2,0,0,0,0,0,2,2,0,0,1,0,0,0,0,0,0,2,2,0,0,0,0,0,2,1,2,1,0,0,2,1,0,2,1,2,1,2,2,2,2,1,2,1,2,2,1,2,0,0,2,2,2,1,2,2,1,0,1,0,0,0,2,2,0,2,2,0,2,0
352,0,0,2,2,0,2,0,0,0,0,0,0,0,0,2,0,2,2,0,2,0,0,1,0,0,0,0,0,0,1,2,0,0,0,0,1,0,2,0,2,2,2,0,2,0,2,2,0,2,2,0,1,1,2,0,1,2,2,1,2,0,0,2,1,2,2,0,2,0,0,2,2,2,2,0,2,2,2,2,2,2,1,1,2,2,0,1,1,1,0
353,2,0,0,0,0,2,2,0,2,2,2,2,0,2,2,2,0,0,0,0,0,2,2,0,0,0,2,2,0,0,0,0,2,0,0,0,2,0,2,0,0,0,1,0,2,0,2,0,0,0,2,1,2,2,2,2,2,1,0,2,2,1,0,0,2,1,2,1,1,0,1,1,0,1,1,0,2,1,1,0,2,2,0,0,2,1,1,1,0,1
354,2,0,0,2,2,1,0,0,2,0,2,2,2,0,0,2,0,2,2,0,2,1,2,2,0,0,2,0,0,0,0,1,0,0,0,0,2,0,0,0,0,0,0,0,0,0,0,2,0,2,0,2,1,2,0,1,0,1,1,2,1,2,1,0,1,1,2,2,1,1,0,1,1,1,0,1,1,1,1,0,1,0,1,2,0,2,1,0,1,1
355,0,2,0,0,0,2,0,0,0,0,0,0,2,0,2,0,2,0,0,0,0,0,0,0,0,2,2,0,1,0,1,0,2,2,0,1,0,2,0,2,1,2,0,2,2,2,0,0,0,2,0,0,0,0,0,0,0,0,0,0,0,0,0,0,0,0,0,0,0,0,0,0,0,0,0,0,0,0,0,0,0,0,0,0,0,0,0,0,0,0
356,2,2,0,2,1,0,0,2,2,0,2,2,0,0,0,2,2,0,0,0,2,0,0,0,0,2,0,0,0,0,0,0,0,0,0,0,0,2,0,1,2,2,0,0,2,0,0,2,1,2,0,1,1,2,1,1,2,1,1,1,2,2,1,0,1,1,1,1,0,1,1,1,1,1,0,1,1,0,1,1,1,0,1,0,1,0,1,1,0,0
357,0,2,2,2,2,2,0,2,0,0,2,0,0,0,2,0,0,0,0,0,0,0,2,0,0,0,0,2,0,0,1,0,2,1,0,1,1,2,0,0,2,2,2,0,0,0,0,0,0,2,1,2,1,1,1,0,1,1,2,0,0,0,1,1,1,1,1,1,1,0,1,0,1,1,1,0,1,1,1,2,0,1,1,0,1,1,1,1,0,2
358,0,0,0,0,0,0,0,0,0,0,0,0,0,0,0,0,0,0,0,0,0,0,0,0,0,0,0,0,0,0,0,0,0,0,0,0,0,0,0,0,0,0,0,0,0,0,0,0,0,0,0,1,1,2,2,0,0,1,2,0,0,2,2,2,2,2,1,2,1,2,2,2,2,2,2,2,2,0,0,2,2,2,1,2,2,0,0,0,2,1
359,0,2,1,0,0,0,0,2,2,2,2,2,0,2,2,2,0,2,0,0,0,0,1,2,1,0,2,0,0,0,0,0,0,0,0,0,0,2,0,0,2,2,2,0,0,0,0,2,0,0,2,2,0,2,2,1,2,0,2,2,1,0,0,2,1,2,2,2,2,2,2,1,2,2,0,2,1,2,2,0,2,1,0,1,2,0,0,2,2,0
360,0,0,0,0,0,0,0,0,0,0,0,0,0,0,0,0,0,0,0,0,0,0,0,0,0,0,0,0,0,0,0,0,0,0,0,0,0,0,0,0,0,0,0,0,0,0,0,0,0,0,0,2,2,0,0,2,2,2,1,0,2,2,0,2,2,1,2,2,1,0,2,2,2,2,2,1,0,2,1,0,1,0,1,0,2,2,2,1,2,2
361,2,0,2,0,0,0,0,0,0,0,0,0,0,0,2,0,0,2,0,0,2,0,2,0,2,2,0,1,0,1,1,0,0,2,0,2,2,1,0,0,0,2,0,0,1,0,2,1,0,1,2,1,2,0,2,1,0,1,2,2,0,2,0,2,2,2,2,0,1,0,2,2,2,2,0,2,2,1,0,0,1,1,2,2,0,1,2,1,1,2
362,0,2,0,0,0,1,2,0,2,0,0,2,0,0,0,0,0,2,0,2,1,1,2,2,2,2,0,2,1,2,0,0,1,0,0,0,0,2,0,0,2,0,0,0,0,0,0,2,0,0,0,1,2,0,2,2,2,1,0,2,1,2,0,2,2,0,1,2,1,2,2,2,0,2,1,0,1,0,2,2,2,2,2,0,1,2,2,2,0,2
363,2,0,2,2,0,2,2,0,2,2,0,0,0,2,0,2,2,0,0,0,0,0,2,2,0,0,0,2,0,0,2,0,2,0,0,2,0,2,0,0,0,0,2,0,0,0,0,2,0,2,0,0,0,0,0,0,0,0,0,0,0,0,0,0,0,0,0,0,0,0,0,0,0,0,0,0,0,0,0,0,0,0,0,0,0,0,0,0,0,0
364,0,0,1,1,0,0,2,2,0,0,0,0,0,2,1,0,0,0,0,1,0,2,0,0,2,2,2,1,0,2,2,0,0,1,0,0,2,0,0,0,0,2,0,1,1,2,0,0,0,0,0,0,0,0,0,0,0,0,0,0,0,0,0,0,0,0,0,0,0,0,0,0,0,0,0,0,0,0,0,0,0,0,0,0,0,0,0,0,0,0
365,1,2,0,2,0,0,0,0,2,2,0,2,0,0,0,0,0,0,2,0,0,2,0,0,0,0,2,0,1,0,0,0,2,0,0,2,2,0,0,0,2,2,0,2,2,1,0,0,1,1,2,1,1,0,0,0,1,2,2,1,0,2,2,2,2,2,1,2,1,1,0,1,0,1,1,1,2,2,1,1,0,2,1,2,0,0,2,2,0,2
366,0,0,2,0,1,0,0,0,0,0,2,0,0,0,2,0,0,0,0,0,1,1,1,0,2,0,0,0,0,0,0,1,2,0,0,2,1,2,2,0,1,2,0,0,0,2,1,2,0,1,2,1,2,2,2,2,1,2,2,2,0,0,2,2,2,2,2,0,2,0,2,2,0,2,2,2,0,2,1,2,2,2,1,0,2,1,2,0,0,0
367,2,2,0,0,2,2,2,0,0,2,2,0,2,0,0,0,0,0,1,2,0,0,0,2,0,1,2,0,1,0,0,0,0,0,0,2,2,0,0,0,0,0,0,2,0,1,0,2,0,2,0,0,0,0,0,0,0,0,0,0,0,0,0,0,0,0,0,0,0,0,0,0,0,0,0,0,0,0,0,0,0,0,0,0,0,0,0,0,0,0
368,0,0,0,2,1,2,0,2,0,2,0,2,0,2,0,2,0,1,0,0,0,0,1,0,2,0,0,0,0,0,0,2,0,0,1,0,2,0,0,0,0,1,2,0,0,2,2,1,0,2,1,1,0,2,2,2,1,1,1,2,2,2,2,0,2,0,2,2,0,0,2,2,2,0,1,1,1,2,1,0,1,1,0,0,0,2,1,2,2,2
369,1,0,1,0,0,0,2,0,0,0,1,2,0,2,2,0,0,0,0,0,0,0,0,2,0,0,0,0,1,0,0,2,1,0,1,0,2,0,2,1,1,0,1,0,0,0,1,1,0,2,2,1,1,0,1,0,2,0,2,2,0,1,2,0,2,1,1,0,1,2,0,2,0,1,2,2,2,2,0,2,2,1,2,2,2,2,1,2,2,0
370,0,2,0,0,1,0,0,0,2,1,2,2,0,1,2,0,2,0,2,0,0,1,0,0,0,2,0,2,0,2,0,0,0,2,0,0,0,2,0,0,0,2,0,2,1,0,0,0,2,0,1,1,1,1,2,1,1,1,2,1,0,1,1,1,0,2,0,1,0,0,1,1,1,0,2,2,1,1,1,1,2,0,2,1,2,1,0,0,0,2
371,0,0,0,0,2,2,0,0,0,2,2,2,0,0,0,0,2,2,0,0,0,0,2,2,2,2,0,0,0,2,0,0,0,0,1,0,1,0,0,0,2,2,2,1,0,0,2,0,0,2,0,2,2,2,1,1,2,2,2,0,0,2,2,0,2,0,2,1,1,1,0,2,2,0,2,2,2,1,2,2,0,2,2,2,2,2,0,2,0,2
372,0,0,0,2,0,1,0,0,0,2,0,0,0,0,2,0,2,0,0,0,0,0,0,0,0,2,0,2,1,0,1,0,1,1,2,0,1,0,0,2,0,0,1,0,1,2,1,1,1,0,0,2,2,0,2,1,2,1,2,2,1,2,0,0,1,2,2,2,2,2,0,1,2,2,0,2,0,2,2,0,2,0,2,2,2,1,0,2,2,1
373,0,2,2,0,0,0,0,0,0,2,2,0,0,2,0,0,0,0,0,2,0,1,1,0,0,0,2,2,0,1,0,0,0,0,1,1,2,0,2,0,2,0,0,0,0,0,2,2,2,2,0,1,0,2,1,0,2,1,1,2,0,1,1,1,0,2,2,1,2,0,1,1,2,1,2,2,2,0,2,1,1,2,0,1,1,1,1,0,2,0
374,0,0,2,0,0,2,0,0,0,0,0,2,0,0,2,0,0,2,0,0,2,2,1,2,2,0,2,2,0,1,0,0,0,2,2,0,2,0,0,0,2,0,0,2,2,0,0,0,0,2,0,0,0,0,0,0,0,0,0,0,0,0,0,0,0,0,0,0,0,0,0,0,0,0,0,0,0,0,0,0,0,0,0,0,0,0,0,0,0,0
375,2,2,2,0,1,0,2,2,0,0,0,0,0,0,2,0,0,0,2,2,0,0,1,0,1,1,0,0,0,0,0,0,0,0,1,0,1,2,0,0,0,2,2,0,0,1,0,0,1,2,0,2,0,2,2,1,2,1,0,0,2,0,1,0,1,2,2,0,1,0,1,1,2,0,2,2,0,2,1,1,2,1,1,1,1,2,1,1,2,2
376,0,0,2,2,2,2,0,0,0,0,0,0,2,2,2,0,2,0,0,0,2,0,2,0,2,2,2,2,2,0,0,0,0,0,0,0,0,2,2,2,0,2,0,0,0,0,0,0,0,2,0,0,0,0,0,0,0,0,0,0,0,0,0,0,0,0,0,0,0,0,0,0,0,0,0,0,0,0,0,0,0,0,0,0,0,0,0,0,0,0
377,2,2,2,2,0,1,0,0,2,0,0,0,2,0,0,0,0,0,0,0,2,0,2,0,1,0,2,2,1,0,2,0,0,1,0,2,0,0,2,0,1,0,0,0,0,0,2,0,0,2,2,1,2,2,0,2,2,0,2,2,2,1,1,1,0,1,1,1,1,1,0,1,1,1,0,1,1,0,1,1,1,1,1,0,0,1,1,0,1,0
378,0,2,0,2,0,2,0,0,1,0,0,0,0,2,2,0,0,0,0,0,0,2,2,0,2,0,2,0,2,2,0,0,2,0,0,0,0,0,0,0,2,2,2,0,2,1,0,2,0,2,0,0,0,0,0,0,0,0,0,0,0,0,0,0,0,0,0,0,0,0,0,0,0,0,0,0,0,0,0,0,0,0,0,0,0,0,0,0,0,0
379,0,0,2,2,2,2,2,2,2,0,0,0,0,0,0,2,2,0,0,0,0,0,0,0,0,2,0,0,0,2,2,2,0,2,0,1,2,0,0,0,2,2,2,0,0,0,0,0,2,0,0,0,0,0,0,0,0,0,0,0,0,0,0,0,0,0,0,0,0,0,0,0,0,0,0,0,0,0,0,0,0,0,0,0,0,0,0,0,0,0
380,0,0,0,2,2,1,2,0,2,0,2,0,2,0,0,0,2,0,0,2,1,2,1,0,0,0,1,1,0,0,0,0,1,0,0,0,0,0,0,1,1,0,0,0,0,0,1,0,1,2,2,1,2,2,0,0,1,1,1,2,1,0,2,1,2,0,2,0,0,0,0,2,2,2,1,1,1,1,0,0,1,1,2,1,2,1,2,1,1,1
381,2,2,0,2,0,2,0,0,1,0,0,2,0,0,2,1,0,0,1,0,0,2,1,0,0,2,2,0,0,0,0,1,0,1,0,0,0,1,0,0,0,0,2,1,0,0,0,1,2,0,1,0,1,0,0,2,2,0,2,2,2,2,2,1,0,2,1,1,1,0,2,1,1,1,1,1,2,0,2,1,2,2,2,2,2,2,0,0,0,2
382,0,0,0,0,0,0,0,0,0,0,0,0,0,0,0,0,0,0,0,0,0,0,0,0,0,0,0,0,0,0,0,0,0,0,0,0,0,0,0,0,0,0,0,0,0,0,0,0,0,0,0,0,2,2,2,0,2,2,2,2,2,1,2,1,2,2,0,2,1,0,2,2,2,2,2,1,1,2,0,2,0,0,0,2,2,0,2,2,2,1
383,0,0,0,0,1,2,2,2,2,0,2,0,2,1,0,2,0,0,2,0,0,2,0,2,0,2,2,0,0,2,0,0,0,0,0,0,2,0,2,0,0,2,0,2,0,0,2,0,0,0,0,0,1,0,2,2,2,2,2,1,2,2,0,1,2,2,1,0,1,0,1,0,2,1,1,0,0,2,1,1,1,1,1,1,1,1,0,2,2,1
384,0,0,0,0,0,0,0,0,0,0,0,0,0,0,0,0,0,0,0,0,0,0,0,0,0,0,0,0,0,0,0,0,0,0,0,0,0,0,0,0,0,0,0,0,0,0,0,0,0,0,2,1,0,2,0,2,0,0,2,2,1,2,0,2,2,2,2,2,1,2,2,2,2,2,0,0,1,2,0,1,0,0,2,2,1,2,2,2,2,2
385,2,2,2,2,0,0,0,2,2,0,0,2,2,0,0,0,2,2,0,0,0,2,0,0,0,0,0,0,1,0,0,0,1,2,1,1,1,2,0,1,1,0,0,0,0,0,0,0,0,0,1,2,0,1,2,2,2,2,0,0,2,1,2,2,2,2,1,2,0,0,2,2,0,2,2,2,2,2,0,2,1,0,1,2,0,0,1,1,2,1
386,0,0,0,2,0,0,0,2,0,0,0,2,0,0,2,1,0,0,2,1,0,0,2,0,0,2,0,0,1,1,2,2,0,2,0,2,0,0,0,0,2,2,0,2,0,2,0,0,2,0,2,1,2,0,0,0,0,0,2,2,1,1,2,0,0,2,2,1,1,1,0,1,1,2,2,0,0,2,1,1,2,2,1,1,2,2,1,2,2,1
387,1,0,0,0,2,1,2,0,1,0,0,0,0,1,2,0,0,0,0,0,0,0,0,0,0,2,1,1,0,0,2,0,1,0,0,0,0,1,2,1,0,0,0,0,0,1,1,1,1,1,1,1,0,0,0,2,0,1,1,1,1,0,1,2,0,0,2,2,2,1,2,2,1,1,2,1,1,2,0,2,2,2,1,2,2,1,0,0,1,1
388,0,0,0,0,0,0,0,0,0,0,0,0,0,0,0,0,0,0,0,0,0,0,0,0,0,0,0,0,0,0,0,0,0,0,0,0,0,0,0,0,0,0,0,0,0,0,0,0,0,0,2,0,0,2,1,2,0,2,2,0,2,2,2,2,0,2,2,2,1,1,0,2,2,2,2,0,1,1,2,1,0,1,2,2,0,2,1,2,0,2
389,2,0,2,0,2,1,2,0,0,0,0,0,0,0,0,0,0,1,2,2,0,0,0,1,0,2,0,2,0,0,1,2,2,0,0,0,0,0,2,0,0,2,2,2,0,1,2,0,0,0,0,0,0,0,0,0,0,0,0,0,0,0,0,0,0,0,0,0,0,0,0,0,0,0,0,0,0,0,0,0,0,0,0,0,0,0,0,0,0,0
390,2,2,0,0,1,1,0,1,1,0,1,2,0,0,1,0,0,0,0,1,1,0,1,0,0,0,1,0,1,0,0,2,0,0,1,1,1,0,0,0,0,0,2,1,0,0,0,0,0,0,1,2,0,2,2,2,2,2,2,0,2,2,0,2,2,0,2,0,1,1,1,2,2,0,0,1,0,2,1,1,2,1,0,2,2,2,0,1,2,2
391,0,1,2,0,0,1,0,1,0,2,0,1,2,0,1,0,0,0,1,0,1,1,0,1,0,2,0,0,0,0,0,1,0,0,2,0,1,0,2,0,0,0,1,0,1,0,0,1,0,0,2,2,0,2,2,1,0,0,0,1,2,2,2,2,2,0,0,2,1,2,2,2,0,0,2,2,1,2,1,1,0,0,2,1,1,2,1,2,1,2
392,0,0,0,0,0,0,0,0,0,0,0,0,0,0,0,0,0,0,0,0,0,0,0,0,0,0,0,0,0,0,0,0,0,0,0,0,0,0,0,0,0,0,0,0,0,0,0,0,0,0,0,1,2,2,2,2,0,0,2,2,1,0,0,0,2,2,2,0,0,1,2,2,2,2,0,1,2,2,2,0,2,2,2,2,2,2,2,1,2,2
393,0,0,0,0,0,0,0,0,0,0,0,0,0,0,0,0,0,0,0,0,0,0,0,0,0,0,0,0,0,0,0,0,0,0,0,0,0,0,0,0,0,0,0,0,0,0,0,0,0,0,2,1,0,2,1,1,2,2,2,2,2,2,0,0,2,2,2,0,0,2,2,2,0,2,1,2,2,0,1,2,0,0,1,0,2,2,2,2,2,1
394,0,0,0,0,0,0,0,0,0,0,0,0,0,0,0,0,0,0,0,0,0,0,0,0,0,0,0,0,0,0,0,0,0,0,0,0,0,0,0,0,0,0,0,0,0,0,0,0,0,0,2,2,2,2,2,2,0,2,2,0,2,0,0,2,2,2,0,2,1,2,2,0,1,2,1,2,0,2,2,1,2,0,1,0,2,2,0,2,2,1
395,0,0,0,2,2,0,0,0,0,0,2,1,0,2,0,0,2,0,0,1,2,2,0,0,0,2,0,0,2,1,2,0,1,0,0,0,0,0,0,2,1,0,2,0,2,0,2,0,2,0,2,1,0,2,2,1,1,1,1,0,1,1,0,1,0,0,1,1,1,1,1,1,0,1,0,0,1,1,1,1,1,0,0,1,1,1,1,1,1,1
396,2,2,2,0,0,0,0,0,0,0,0,0,0,2,1,0,1,2,0,1,2,0,1,1,0,2,0,0,0,0,0,1,2,1,0,1,0,0,0,0,2,2,0,0,1,0,2,0,0,0,0,0,1,0,2,1,1,0,0,2,2,1,1,1,1,1,0,0,1,2,1,1,0,1,0,1,1,2,1,0,1,2,1,2,2,2,1,2,1,2
397,0,2,0,0,0,0,0,1,2,2,0,0,0,0,2,2,2,0,0,0,0,1,1,0,0,0,0,2,0,0,0,0,2,2,0,2,0,0,2,2,0,0,1,2,1,0,0,2,2,0,0,0,2,0,1,0,2,2,2,2,0,0,2,2,2,2,1,2,2,2,2,1,2,2,2,2,0,0,2,1,1,1,2,2,2,2,1,0,2,0
398,2,0,1,0,0,0,0,2,0,0,2,2,2,0,0,0,2,0,0,2,0,2,2,0,0,2,0,0,2,0,1,0,0,2,1,1,2,0,0,0,0,2,2,0,0,0,2,0,0,0,0,0,0,0,0,0,0,0,0,0,0,0,0,0,0,0,0,0,0,0,0,0,0,0,0,0,0,0,0,0,0,0,0,0,0,0,0,0,0,0
399,0,0,0,0,0,0,0,0,0,0,0,0,0,0,0,0,0,0,0,0,0,0,0,0,0,0,0,0,0,0,0,0,0,0,0,0,0,0,0,0,0,0,0,0,0,0,0,0,0,0,2,1,2,2,0,2,1,0,2,2,2,2,2,2,0,0,2,2,1,2,0,2,2,2,2,2,2,2,2,1,0,2,0,0,1,0,0,2,2,2
400,0,1,2,0,1,0,1,1,0,0,0,1,0,0,0,0,2,0,2,2,0,2,0,0,0,0,2,0,0,0,0,1,0,2,0,0,0,2,2,0,2,2,0,0,2,0,2,0,1,0,0,1,2,2,2,2,0,1,0,2,0,2,2,2,2,2,2,2,1,2,2,2,2,0,1,1,0,1,1,2,0,1,1,0,2,1,1,0,1,0
401,0,0,0,0,0,0,0,0,0,0,0,0,0,0,0,0,0,0,0,0,0,0,0,0,0,0,0,0,0,0,0,0,0,0,0,0,0,0,0,0,0,0,0,0,0,0,0,0,0,0,1,2,2,2,2,2,1,0,2,0,2,1,1,2,0,2,0,2,2,2,0,1,2,0,2,2,0,2,2,2,0,2,1,0,2,2,0,1,2,2
402,2,2,0,1,1,0,0,0,1,0,0,0,0,0,2,0,1,0,1,0,0,0,2,1,0,0,1,0,0,0,0,1,1,1,1,1,0,1,1,0,0,0,0,0,0,0,0,1,0,1,2,2,2,2,2,2,0,1,2,1,2,2,2,1,0,0,2,0,1,1,2,0,1,2,2,2,0,2,0,2,2,2,2,0,0,2,0,2,2,2
403,0,1,0,2,0,1,0,0,0,0,0,2,2,1,0,0,2,0,1,0,0,0,1,0,0,1,1,1,0,0,1,0,0,0,1,1,1,0,0,0,1,1,0,0,1,2,0,0,0,0,0,0,1,2,2,1,2,1,1,0,2,0,1,0,2,2,2,2,1,1,2,2,2,0,1,1,0,2,0,2,1,2,2,0,2,1,2,0,2,2
404,2,0,0,0,1,1,0,0,0,0,1,0,0,2,2,2,2,1,1,2,0,0,0,1,2,0,0,0,0,0,2,0,0,0,1,0,1,0,0,0,1,0,1,1,0,0,0,1,0,0,0,1,1,2,1,1,1,1,2,2,2,1,1,2,2,1,1,2,0,1,1,0,2,2,2,1,0,0,1,0,0,1,1,0,0,2,1,1,0,2
405,0,0,0,0,0,0,0,0,0,0,0,0,0,0,0,0,0,0,0,0,0,0,0,0,0,0,0,0,0,0,0,0,0,0,0,0,0,0,0,0,0,0,0,0,0,0,0,0,0,0,0,0,0,2,0,2,0,1,2,2,2,2,0,0,2,1,0,2,1,2,2,1,2,1,2,2,0,2,2,1,2,2,2,1,1,0,2,2,2,1
406,0,0,0,0,0,0,0,0,0,0,0,0,0,0,0,0,0,0,0,0,0,0,0,0,0,0,0,0,0,0,0,0,0,0,0,0,0,0,0,0,0,0,0,0,0,0,0,0,0,0,2,1,1,0,2,2,2,2,2,2,2,2,0,2,0,1,0,2,1,2,2,2,2,2,1,1,0,0,2,2,0,2,1,0,1,0,0,1,1,1
407,2,2,0,0,0,0,0,0,2,0,2,0,0,1,0,0,0,0,0,0,0,1,0,1,0,2,0,2,1,2,1,2,0,0,0,1,2,0,2,0,0,0,2,0,0,0,0,2,2,2,0,2,2,2,1,1,0,0,0,1,0,1,1,0,1,1,1,1,1,0,1,1,2,0,2,1,0,1,1,2,1,1,1,1,1,2,2,1,2,0
408,2,2,0,2,0,0,0,1,2,0,2,0,0,0,0,2,0,2,0,1,2,0,1,1,0,2,0,0,0,2,0,0,0,0,0,1,1,0,0,1,0,2,0,0,0,2,0,2,0,0,0,0,0,0,0,0,0,0,0,0,0,0,0,0,0,0,0,0,0,0,0,0,0,0,0,0,0,0,0,0,0,0,0,0,0,0,0,0,0,0
409,0,0,2,0,2,1,2,0,0,2,1,2,0,1,0,2,0,1,2,1,2,2,0,1,0,0,0,0,2,0,0,0,0,0,0,2,0,0,0,0,0,0,2,0,0,0,0,1,0,2,0,0,0,0,0,0,0,0,0,0,0,0,0,0,0,0,0,0,0,0,0,0,0,0,0,0,0,0,0,0,0,0,0,0,0,0,0,0,0,0
410,0,2,0,1,0,0,0,1,2,0,2,0,0,0,2,0,0,0,2,0,0,2,2,2,0,0,0,0,0,1,0,2,0,0,1,0,2,2,0,2,0,2,2,0,0,0,2,0,0,2,0,1,1,0,2,2,2,0,2,0,2,1,2,2,2,1,0,1,0,2,0,0,2,0,1,1,2,1,2,1,1,2,1,0,2,2,1,1,2,1
411,0,0,0,0,0,0,0,0,0,0,0,0,0,0,0,0,0,0,0,0,0,0,0,0,0,0,0,0,0,0,0,0,0,0,0,0,0,0,0,0,0,0,0,0,0,0,0,0,0,0,2,1,1,2,0,0,2,1,2,0,2,1,2,0,2,0,1,2,0,2,2,2,2,2,2,0,1,2,2,1,1,2,2,2,1,0,2,0,0,1
412,0,1,0,1,1,0,0,0,0,0,1,0,0,1,0,0,0,0,0,0,2,1,0,0,2,0,0,2,1,0,1,0,0,1,1,0,0,0,0,2,2,0,0,1,2,1,2,0,2,0,1,0,1,0,0,1,0,1,2,1,1,1,1,1,1,0,2,1,2,2,0,2,1,1,0,2,1,1,0,1,1,1,0,1,1,1,0,1,1,1
413,0,0,0,0,0,0,0,0,0,0,0,0,0,0,0,0,0,0,0,0,0,0,0,0,0,0,0,0,0,0,0,0,0,0,0,0,0,0,0,0,0,0,0,0,0,0,0,0,0,0,2,0,2,2,2,0,2,1,2,0,2,0,2,2,2,2,0,0,1,1,2,2,2,1,0,1,1,2,2,2,1,0,1,0,2,2,2,1,2,0
414,0,0,1,0,0,0,0,1,2,1,0,0,0,2,2,0,0,0,2,0,1,0,1,0,0,0,0,2,1,2,0,1,0,0,1,0,2,1,0,0,1,0,0,0,1,0,0,2,1,0,0,1,2,2,1,1,0,1,2,2,2,1,2,2,2,0,0,1,1,1,0,2,1,0,2,1,1,2,1,2,2,0,0,2,2,0,0,1,2,1
415,0,0,0,0,0,0,0,0,0,0,0,0,0,0,0,0,0,0,0,0,0,0,0,0,0,0,0,0,0,0,0,0,0,0,0,0,0,0,0,0,0,0,0,0,0,0,0,0,0,0,1,2,0,2,2,2,0,0,0,0,0,2,1,2,2,2,2,2,1,2,1,2,0,0,2,2,1,2,0,1,1,2,2,2,0,1,2,2,2,2
416,2,2,0,0,2,0,0,2,0,2,2,1,0,0,2,0,2,2,0,1,0,2,0,0,1,0,0,0,1,0,0,0,0,2,0,0,0,0,2,1,0,0,0,2,0,2,0,2,0,0,0,0,0,0,0,0,0,0,0,0,0,0,0,0,0,0,0,0,0,0,0,0,0,0,0,0,0,0,0,0,0,0,0,0,0,0,0,0,0,0
417,0,0,1,0,1,0,2,0,1,0,0,2,0,1,0,0,0,0,0,2,0,0,2,1,0,2,0,0,0,0,2,0,1,1,1,0,1,0,1,0,2,0,1,0,2,1,0,0,0,0,2,1,2,2,1,1,1,0,2,2,0,0,2,1,0,1,1,0,1,0,1,1,1,2,0,2,2,2,0,1,1,2,2,0,1,2,1,1,0,1
418,0,0,0,2,1,1,0,0,0,0,1,0,2,0,0,0,0,1,0,0,1,0,0,0,0,0,2,2,2,0,0,0,1,2,0,0,2,2,0,1,2,2,0,2,1,0,0,0,0,2,0,0,0,0,0,0,0,0,0,0,0,0,0,0,0,0,0,0,0,0,0,0,0,0,0,0,0,0,0,0,0,0,0,0,0,0,0,0,0,0
419,0,0,0,0,0,0,0,0,0,0,0,0,0,0,0,0,0,0,0,0,0,0,0,0,0,0,0,0,0,0,0,0,0,0,0,0,0,0,0,0,0,0,0,0,0,0,0,0,0,0,2,1,2,0,2,0,2,1,2,0,2,2,0,1,2,2,1,0,0,2,2,2,2,2,2,2,2,2,0,1,2,1,1,0,1,1,0,1,2,0
420,0,0,0,0,0,0,0,0,0,0,0,0,0,0,0,0,0,0,0,0,0,0,0,0,0,0,0,0,0,0,0,0,0,0,0,0,0,0,0,0,0,0,0,0,0,0,0,0,0,0,2,1,2,2,2,2,0,1,2,0,2,2,2,2,2,2,2,0,0,1,2,0,0,1,0,1,1,0,2,1,0,2,1,1,1,0,2,1,2,2
421,2,0,0,2,0,1,0,2,2,0,2,2,0,0,0,0,0,0,0,0,0,0,0,0,0,2,0,2,0,0,1,2,0,0,0,1,0,2,0,2,0,2,1,0,0,0,2,2,1,2,0,1,1,1,1,0,1,2,1,1,2,2,1,1,2,1,1,0,0,0,2,0,1,2,0,0,1,1,1,2,2,0,1,2,1,2,1,0,1,1
422,2,2,2,0,1,1,0,0,0,0,0,0,0,1,0,2,2,2,0,0,0,0,2,0,0,0,0,0,1,0,0,0,2,2,0,1,2,1,0,0,2,0,0,2,2,0,0,0,2,0,0,0,0,0,0,0,0,0,0,0,0,0,0,0,0,0,0,0,0,0,0,0,0,0,0,0,0,0,0,0,0,0,0,0,0,0,0,0,0,0
423,0,0,0,0,0,0,0,0,0,0,0,0,0,0,0,0,0,0,0,0,0,0,0,0,0,0,0,0,0,0,0,0,0,0,0,0,0,0,0,0,0,0,0,0,0,0,0,0,0,0,1,2,2,0,2,1,0,1,0,2,0,2,2,2,0,2,0,0,2,2,2,1,0,1,1,1,1,1,0,1,2,2,2,0,2,2,1,1,2,2
424,0,0,0,0,0,0,0,0,0,0,0,0,0,0,0,0,0,0,0,0,0,0,0,0,0,0,0,0,0,0,0,0,0,0,0,0,0,0,0,0,0,0,0,0,0,0,0,0,0,0,2,2,0,2,2,2,2,0,0,0,2,1,0,1,0,1,1,1,1,2,0,2,1,2,0,2,1,2,2,0,2,2,2,0,2,2,1,1,2,1
425,0,0,0,2,2,0,0,2,0,0,0,0,0,0,0,0,0,0,2,2,2,1,0,2,0,0,2,2,2,0,0,2,0,2,0,2,0,2,2,0,2,2,0,2,0,1,0,0,0,0,0,0,0,0,0,0,0,0,0,0,0,0,0,0,0,0,0,0,0,0,0,0,0,0,0,0,0,0,0,0,0,0,0,0,0,0,0,0,0,0
426,0,2,0,2,0,0,0,2,2,0,0,0,2,0,2,0,0,2,0,2,0,0,0,0,0,0,0,2,2,2,2,0,2,0,1,2,0,0,0,0,2,2,2,1,0,0,0,0,0,2,0,0,0,0,0,0,0,0,0,0,0,0,0,0,0,0,0,0,0,0,0,0,0,0,0,0,0,0,0,0,0,0,0,0,0,0,0,0,0,0
427,0,0,0,0,0,2,0,0,2,1,2,0,2,0,2,0,0,1,0,1,0,1,0,1,0,2,2,0,1,2,2,0,1,1,0,0,0,0,0,2,0,0,0,0,0,0,0,0,2,2,0,0,0,0,0,0,0,0,0,0,0,0,0,0,0,0,0,0,0,0,0,0,0,0,0,0,0,0,0,0,0,0,0,0,0,0,0,0,0,0
428,0,0,0,0,0,0,0,0,0,0,0,0,0,0,0,0,0,0,0,0,0,0,0,0,0,0,0,0,0,0,0,0,0,0,0,0,0,0,0,0,0,0,0,0,0,0,0,0,0,0,1,1,0,2,2,2,2,2,0,1,2,1,2,0,2,0,2,2,1,2,2,0,1,1,2,1,2,2,0,0,1,2,0,0,1,1,0,1,2,2
429,2,0,2,2,2,1,2,0,0,0,0,0,2,2,0,0,0,0,2,0,2,2,0,0,2,2,0,0,2,0,0,0,0,0,1,0,0,0,0,0,2,0,0,0,0,1,0,1,1,2,0,0,0,0,0,0,0,0,0,0,0,0,0,0,0,0,0,0,0,0,0,0,0,0,0,0,0,0,0,0,0,0,0,0,0,0,0,0,0,0
430,1,0,0,0,1,1,0,1,0,1,0,1,0,0,0,0,0,0,0,0,0,1,0,1,1,1,1,1,0,1,0,1,0,0,0,0,1,0,1,1,2,0,1,0,0,0,0,1,0,0,2,1,0,2,0,0,2,0,2,2,2,2,1,0,0,2,1,1,2,1,0,2,2,2,1,2,2,2,0,1,0,1,1,1,2,1,0,1,2,1
431,2,0,0,0,0,2,0,0,2,0,0,2,0,0,0,0,2,1,1,0,0,0,0,1,0,2,2,2,1,0,0,0,0,2,0,0,1,0,2,2,0,0,0,0,0,2,2,0,1,2,0,0,0,0,0,0,0,0,0,0,0,0,0,0,0,0,0,0,0,0,0,0,0,0,0,0,0,0,0,0,0,0,0,0,0,0,0,0,0,0
432,0,0,0,0,1,0,2,0,2,2,0,0,0,2,0,2,2,0,0,0,0,2,0,0,2,0,0,0,1,0,1,2,0,2,1,0,0,1,0,1,0,0,0,1,0,0,1,0,1,1,0,0,0,0,0,0,0,0,0,0,0,0,0,0,0,0,0,0,0,0,0,0,0,0,0,0,0,0,0,0,0,0,0,0,0,0,0,0,0,0
433,0,0,0,0,0,0,0,0,0,0,0,0,0,0,0,0,0,0,0,0,0,0,0,0,0,0,0,0,0,0,0,0,0,0,0,0,0,0,0,0,0,0,0,0,0,0,0,0,0,0,2,0,2,2,0,2,1,0,1,2,2,0,2,2,2,2,2,2,1,0,0,2,2,0,2,2,1,2,2,0,2,2,2,2,2,2,1,0,0,1
434,0,2,2,0,0,0,0,2,2,0,0,0,0,2,1,2,2,0,0,0,0,2,0,2,1,0,0,2,0,2,0,0,0,0,0,2,0,0,2,0,2,2,2,0,0,0,0,0,2,1,0,0,0,0,0,0,0,0,0,0,0,0,0,0,0,0,0,0,0,0,0,0,0,0,0,0,0,0,0,0,0,0,0,0,0,0,0,0,0,0
435,0,0,0,0,0,0,0,0,0,0,0,0,0,0,0,0,0,0,0,0,0,0,0,0,0,0,0,0,0,0,0,0,0,0,0,0,0,0,0,0,0,0,0,0,0,0,0,0,0,0,2,2,2,2,1,1,2,2,2,2,2,0,2,2,0,2,0,2,0,2,2,1,2,1,1,0,2,0,0,1,1,2,1,2,2,0,0,0,2,2
436,0,0,0,0,0,0,0,0,0,0,0,0,0,0,0,0,0,0,0,0,0,0,0,0,0,0,0,0,0,0,0,0,0,0,0,0,0,0,0,0,0,0,0,0,0,0,0,0,0,0,1,1,1,2,2,0,1,2,1,2,0,2,2,0,1,2,2,2,0,2,0,0,0,1,2,0,1,2,1,1,2,1,1,1,1,0,1,1,0,1
437,0,0,0,0,0,0,0,0,0,0,0,0,0,0,0,0,0,0,0,0,0,0,0,0,0,0,0,0,0,0,0,0,0,0,0,0,0,0,0,0,0,0,0,0,0,0,0,0,0,0,2,1,0,2,2,0,0,2,1,2,2,2,0,2,0,2,0,2,1,2,2,2,2,2,0,2,0,2,0,1,2,1,2,0,2,2,1,1,2,2
438,0,2,0,0,2,1,2,0,0,1,2,0,1,0,0,0,0,2,0,0,1,0,1,0,0,0,0,0,0,0,2,1,1,2,1,0,2,1,2,0,0,0,0,0,0,2,0,0,2,0,2,1,2,2,2,0,1,0,2,0,0,0,2,0,0,2,1,2,2,2,1,1,1,0,1,1,1,1,1,0,1,1,1,1,0,1,1,2,1,2
439,0,2,0,0,2,1,0,0,1,0,0,2,0,0,0,0,1,0,0,2,1,0,0,0,0,0,1,0,0,1,0,0,0,0,0,0,1,0,2,0,1,1,1,1,1,2,1,2,0,0,2,0,0,2,0,1,2,1,1,2,2,1,1,0,2,0,1,1,1,1,2,2,1,0,1,1,0,1,0,0,1,2,1,1,1,1,0,2,1,1
440,1,0,0,0,1,1,2,0,0,0,0,0,0,0,0,2,0,0,0,1,0,0,0,2,0,2,2,0,0,2,0,2,0,0,2,2,0,0,0,2,0,0,2,2,0,1,2,0,2,1,0,0,0,0,0,0,0,0,0,0,0,0,0,0,0,0,0,0,0,0,0,0,0,0,0,0,0,0,0,0,0,0,0,0,0,0,0,0,0,0
441,0,0,0,0,0,0,0,0,0,0,0,0,0,0,0,0,0,0,0,0,0,0,0,0,0,0,0,0,0,0,0,0,0,0,0,0,0,0,0,0,0,0,0,0,0,0,0,0,0,0,2,0,0,2,2,2,2,1,1,2,0,2,2,2,0,0,0,2,1,1,1,2,1,1,0,0,2,2,1,1,2,0,2,0,2,1,1,1,2,2
442,0,0,0,2,2,1,0,1,0,0,0,0,2,0,1,0,0,0,1,0,2,1,2,0,0,0,1,0,0,1,1,2,1,0,0,0,1,0,0,0,0,1,0,0,1,1,0,0,0,1,2,1,2,0,2,2,0,2,2,1,0,1,2,1,2,2,0,2,0,2,0,0,1,1,0,1,0,0,1,1,1,1,2,1,1,2,1,1,2,2
443,2,1,1,0,0,0,2,0,2,0,2,0,0,2,2,0,2,2,0,1,0,2,0,0,0,2,0,0,1,0,0,0,2,0,2,2,0,0,2,0,0,2,0,0,0,1,0,0,0,0,0,0,0,0,0,0,0,0,0,0,0,0,0,0,0,0,0,0,0,0,0,0,0,0,0,0,0,0,0,0,0,0,0,0,0,0,0,0,0,0
444,0,0,0,0,0,0,0,0,0,0,0,0,0,0,0,0,0,0,0,0,0,0,0,0,0,0,0,0,0,0,0,0,0,0,0,0,0,0,0,0,0,0,0,0,0,0,0,0,0,0,0,0,1,2,2,2,2,2,0,2,2,0,1,2,2,0,2,1,1,2,2,2,2,1,1,1,1,0,1,2,2,1,1,0,0,2,0,1,2,0
445,0,0,0,0,2,0,0,2,2,0,0,1,0,0,0,0,0,1,2,2,0,2,0,0,1,0,0,0,0,0,1,1,2,2,1,0,2,1,0,1,0,0,2,0,2,0,0,0,1,0,0,0,0,0,0,0,0,0,0,0,0,0,0,0,0,0,0,0,0,0,0,0,0,0,0,0,0,0,0,0,0,0,0,0,0,0,0,0,0,0
446,0,0,0,0,0,0,0,0,0,0,0,0,0,0,0,0,0,0,0,0,0,0,0,0,0,0,0,0,0,0,0,0,0,0,0,0,0,0,0,0,0,0,0,0,0,0,0,0,0,0,0,1,2,1,2,0,1,1,1,1,2,2,2,1,0,0,0,0,0,0,0,2,0,1,2,1,2,2,2,2,2,1,2,1,1,2,1,2,2,2
447,0,0,0,0,0,0,0,0,0,0,0,0,0,0,0,0,0,0,0,0,0,0,0,0,0,0,0,0,0,0,0,0,0,0,0,0,0,0,0,0,0,0,0,0,0,0,0,0,0,0,1,1,1,1,0,0,1,0,1,1,0,2,1,2,0,0,1,0,2,1,2,1,1,2,0,1,2,1,1,1,0,2,1,0,2,1,2,2,1,1
448,0,0,0,0,0,0,0,0,0,0,0,0,0,0,0,0,0,0,0,0,0,0,0,0,0,0,0,0,0,0,0,0,0,0,0,0,0,0,0,0,0,0,0,0,0,0,0,0,0,0,1,1,2,1,2,2,0,1,2,0,1,0,2,2,1,2,0,2,2,2,2,1,0,2,1,1,0,1,1,1,1,0,1,0,1,2,0,1,0,1
449,2,0,2,0,0,1,0,0,0,0,0,2,0,1,0,0,2,0,0,0,0,1,2,1,0,1,0,1,0,0,2,1,0,1,0,0,0,0,2,1,0,2,2,0,1,2,0,0,0,0,0,0,0,0,0,0,0,0,0,0,0,0,0,0,0,0,0,0,0,0,0,0,0,0,0,0,0,0,0,0,0,0,0,0,0,0,0,0,0,0
450,0,0,1,0,2,2,2,0,0,0,0,2,0,0,0,0,2,2,2,2,0,2,0,0,0,0,1,2,1,0,0,1,1,0,2,0,0,2,0,1,1,0,0,0,0,0,2,0,0,0,0,0,0,0,0,0,0,0,0,0,0,0,0,0,0,0,0,0,0,0,0,0,0,0,0,0,0,0,0,0,0,0,0,0,0,0,0,0,0,0
451,2,2,1,0,1,0,2,0,2,0,0,0,0,2,0,2,0,0,2,0,1,0,0,0,0,0,1,1,1,0,0,0,2,0,0,0,0,2,0,1,0,0,1,0,0,2,0,1,0,1,0,0,0,0,0,0,0,0,0,0,0,0,0,0,0,0,0,0,0,0,0,0,0,0,0,0,0,0,0,0,0,0,0,0,0,0,0,0,0,0
452,0,0,0,0,0,0,0,0,0,0,0,0,0,0,0,0,0,0,0,0,0,0,0,0,0,0,0,0,0,0,0,0,0,0,0,0,0,0,0,0,0,0,0,0,0,0,0,0,0,0,0,2,2,2,2,1,0,2,0,1,2,2,0,0,1,1,2,1,0,2,1,0,0,1,1,1,2,1,1,2,2,1,1,0,2,1,1,2,1,0
453,0,0,0,0,0,0,0,0,0,0,0,0,0,0,0,0,0,0,0,0,0,0,0,0,0,0,0,0,0,0,0,0,0,0,0,0,0,0,0,0,0,0,0,0,0,0,0,0,0,0,2,1,1,2,1,2,0,2,0,0,2,1,0,2,0,1,1,1,1,0,1,2,1,1,0,1,2,1,2,1,1,2,2,0,1,1,2,0,1,0
454,2,2,2,2,1,0,0,0,0,0,0,0,0,0,0,2,2,0,2,0,0,0,2,1,0,0,0,0,1,2,0,1,0,0,1,1,0,2,0,1,1,0,1,0,0,0,0,0,0,1,0,0,0,0,0,0,0,0,0,0,0,0,0,0,0,0,0,0,0,0,0,0,0,0,0,0,0,0,0,0,0,0,0,0,0,0,0,0,0,0
455,0,0,0,0,0,0,0,0,0,0,0,0,0,0,0,0,0,0,0,0,0,0,0,0,0,0,0,0,0,0,0,0,0,0,0,0,0,0,0,0,0,0,0,0,0,0,0,0,0,0,0,2,2,1,2,0,2,2,2,0,2,2,0,0,0,1,2,2,1,1,1,0,2,1,1,2,1,0,1,2,1,2,1,1,0,0,1,1,2,2
456,0,0,0,0,0,0,0,0,0,0,0,0,0,0,0,0,0,0,0,0,0,0,0,0,0,0,0,0,0,0,0,0,0,0,0,0,0,0,0,0,0,0,0,0,0,0,0,0,0,0,1,1,0,1,1,2,1,0,2,0,0,0,1,2,0,1,0,1,2,1,2,1,1,1,1,0,0,1,1,1,2,1,1,1,1,1,1,1,0,1
457,0,0,0,0,0,0,0,0,0,0,0,0,0,0,0,0,0,0,0,0,0,0,0,0,0,0,0,0,0,0,0,0,0,0,0,0,0,0,0,0,0,0,0,0,0,0,0,0,0,0,1,1,1,2,2,1,1,1,2,0,0,0,0,2,0,2,2,0,1,2,1,1,0,2,1,1,1,2,1,1,0,1,2,2,1,1,1,0,2,0
458,0,1,0,2,0,1,0,0,0,2,1,0,0,2,0,0,0,0,0,0,0,2,0,2,0,0,1,1,1,0,2,0,0,0,1,0,2,1,0,0,2,0,0,2,2,0,1,1,0,0,0,0,0,0,0,0,0,0,0,0,0,0,0,0,0,0,0,0,0,0,0,0,0,0,0,0,0,0,0,0,0,0,0,0,0,0,0,0,0,0
459,0,0,0,0,0,0,0,0,0,0,0,0,0,0,0,0,0,0,0,0,0,0,0,0,0,0,0,0,0,0,0,0,0,0,0,0,0,0,0,0,0,0,0,0,0,0,0,0,0,0,2,1,2,2,0,0,2,0,2,1,2,0,1,0,2,0,1,1,0,2,1,2,2,1,1,0,1,1,2,1,1,2,1,1,1,1,1,1,0,0
460,0,0,2,1,0,1,0,0,0,0,0,2,2,0,0,0,2,0,0,0,2,1,0,2,0,0,0,0,0,1,0,1,2,0,0,1,0,1,0,0,0,2,1,1,0,2,2,0,0,1,0,0,0,0,0,0,0,0,0,0,0,0,0,0,0,0,0,0,0,0,0,0,0,0,0,0,0,0,0,0,0,0,0,0,0,0,0,0,0,0
461,0,0,0,0,0,1,2,0,0,0,0,2,0,2,2,0,2,0,1,2,1,0,0,0,2,2,2,0,0,2,0,0,2,0,0,0,2,0,0,1,0,0,2,1,1,0,0,1,0,0,0,0,0,0,0,0,0,0,0,0,0,0,0,0,0,0,0,0,0,0,0,0,0,0,0,0,0,0,0,0,0,0,0,0,0,0,0,0,0,0
462,0,0,0,0,0,0,0,0,0,0,0,0,0,0,0,0,0,0,0,0,0,0,0,0,0,0,0,0,0,0,0,0,0,0,0,0,0,0,0,0,0,0,0,0,0,0,0,0,0,0,2,1,1,2,0,1,0,1,1,1,1,1,2,1,0,0,0,2,1,0,2,1,0,0,0,2,1,2,0,1,1,1,2,2,1,2,1,1,1,2
463,2,0,0,0,0,1,0,1,0,1,0,0,0,1,0,0,0,0,2,0,0,0,0,0,0,1,1,1,1,1,1,0,1,0,0,0,0,0,0,1,0,1,0,0,1,2,1,1,0,1,1,1,2,2,2,2,0,1,2,1,0,0,0,0,1,1,2,1,0,1,2,1,2,1,1,2,1,1,0,1,1,1,1,1,1,0,0,0,1,1
464,0,0,0,0,0,0,0,0,0,0,0,0,0,0,0,0,0,0,0,0,0,0,0,0,0,0,0,0,0,0,0,0,0,0,0,0,0,0,0,0,0,0,0,0,0,0,0,0,0,0,2,2,1,0,1,1,1,1,2,1,1,2,1,0,2,1,1,0,1,1,0,1,1,2,1,0,0,0,2,1,1,1,1,2,1,1,0,0,1,0
465,0,0,0,0,0,0,0,0,0,0,0,0,0,0,0,0,0,0,0,0,0,0,0,0,0,0,0,0,0,0,0,0,0,0,0,0,0,0,0,0,0,0,0,0,0,0,0,0,0,0,2,0,1,2,2,2,2,2,2,2,2,1,1,1,2,0,1,1,0,2,0,1,1,0,1,1,1,2,0,1,0,0,1,0,2,1,2,2,1,0
466,0,0,0,0,1,0,0,1,2,0,0,0,2,1,0,0,2,0,2,0,1,1,0,0,2,2,0,0,0,0,1,2,2,0,1,0,2,2,0,0,0,0,2,0,0,0,0,0,2,2,0,0,0,0,0,0,0,0,0,0,0,0,0,0,0,0,0,0,0,0,0,0,0,0,0,0,0,0,0,0,0,0,0,0,0,0,0,0,0,0
